"Riga","Colonna","Colonna_Nome","Valore_Imputato"
2,1,"X0.0...2",93204.3906590844
3,1,"X0.0...2",67711.9982777709
5,1,"X0.0...2",99319.2081505177
7,1,"X0.0...2",85878.7493103147
8,1,"X0.0...2",84638.3713614837
9,1,"X0.0...2",71250.1965177106
10,1,"X0.0...2",81052.1319135111
11,1,"X0.0...2",87778.3973809468
12,1,"X0.0...2",60104.9281349145
13,1,"X0.0...2",68137.4489622328
14,1,"X0.0...2",78647.7354877935
15,1,"X0.0...2",91842.6286071791
18,1,"X0.0...2",62950.4458208153
19,1,"X0.0...2",92767.3167019421
20,1,"X0.0...2",93295.9292035398
21,1,"X0.0...2",86415.4258644513
22,1,"X0.0...2",87091.7660132866
23,1,"X0.0...2",54017.0933090581
24,1,"X0.0...2",80782.9079865913
25,1,"X0.0...2",47863.6798676326
26,1,"X0.0...2",92053.1802944305
27,1,"X0.0...2",71907.3461101449
29,1,"X0.0...2",73917.8924597594
9,3,"X623920.0",23346.2944733932
11,3,"X623920.0",23100.3634857191
12,3,"X623920.0",12745.9107788852
22,3,"X623920.0",23209.1267586578
25,3,"X623920.0",22160.7728357469
29,3,"X623920.0",23254.1587356395
3,5,"X49746.0",46016.9581106254
9,5,"X49746.0",30635.0947424536
12,5,"X49746.0",45977.1914674878
13,5,"X49746.0",32557.9705325063
21,5,"X49746.0",45878.3700344874
23,5,"X49746.0",41819.4686654179
25,5,"X49746.0",23321.985121231
29,5,"X49746.0",46023.3783821748
4,6,"X1218000.0",35851.7442263807
25,6,"X1218000.0",34301.1084062594
29,6,"X1218000.0",35773.1211109932
7,7,"X208000.0",19904.9361073844
12,7,"X208000.0",19851.9259629541
15,7,"X208000.0",18743.7956702133
17,7,"X208000.0",19936.0926623629
23,7,"X208000.0",19947.2260508351
25,7,"X208000.0",12493.5716775585
26,7,"X208000.0",19580.8056672254
27,7,"X208000.0",19454.0551415352
13,8,"X266390.0",23103.7906380419
21,8,"X266390.0",23485.4345986682
10,9,"X211890.0",22076.9961889944
21,9,"X211890.0",20947.5637890874
26,9,"X211890.0",22759.1458732142
29,9,"X211890.0",19687.2316371541
1,10,"X320890.0",10503.5663731731
9,10,"X320890.0",10531.5957990165
11,10,"X320890.0",11186.5118827637
12,10,"X320890.0",11191.6999201897
13,10,"X320890.0",10877.3716921402
15,10,"X320890.0",10918.9964735404
18,10,"X320890.0",11153.9295283142
21,10,"X320890.0",11175.4516833199
23,10,"X320890.0",11232.0291832722
25,10,"X320890.0",4030.25244011361
27,10,"X320890.0",11092.8511552126
29,10,"X320890.0",11042.9503033582
25,11,"X647120.0",45182.6343760419
1,12,"X98406.0",23772.5051770469
2,12,"X98406.0",23574.1364201037
3,12,"X98406.0",23267.9912822826
4,12,"X98406.0",22388.4202174992
8,12,"X98406.0",23931.9419537833
9,12,"X98406.0",21802.0206258011
10,12,"X98406.0",23879.0471593099
12,12,"X98406.0",23720.3769048124
13,12,"X98406.0",23747.3882621736
15,12,"X98406.0",23241.1213478618
17,12,"X98406.0",23556.6600472471
21,12,"X98406.0",23335.7515870671
23,12,"X98406.0",17147.5875631526
25,12,"X98406.0",15190.7242628908
28,12,"X98406.0",23521.6807954285
29,12,"X98406.0",21164.4795107038
8,13,"X671840.0",78971.8332334912
24,13,"X671840.0",76548.5627161223
28,13,"X671840.0",82052.4110324142
29,13,"X671840.0",80811.5609912473
9,14,"X171850.0",24644.2164672917
11,14,"X171850.0",25006.5258317559
12,14,"X171850.0",24693.6286575871
13,14,"X171850.0",18947.5248384231
21,14,"X171850.0",25056.3287168196
23,14,"X171850.0",25008.9392527445
5,19,"X181770.0",14500.6844084956
7,19,"X181770.0",14445.9196673023
9,19,"X181770.0",14173.243779921
12,19,"X181770.0",14360.6672613454
23,19,"X181770.0",14321.8454960169
25,19,"X181770.0",10116.1972719157
29,19,"X181770.0",14007.0024218041
12,20,"X825140.0",43575.9959298412
23,20,"X825140.0",43524.4837628083
25,20,"X825140.0",23545.9892621569
3,21,"X83304.0",20001.2123086251
8,21,"X83304.0",20161.384808125
9,21,"X83304.0",18306.2064952639
12,21,"X83304.0",20023.4502589023
13,21,"X83304.0",20072.2588165576
14,21,"X83304.0",19217.2046738266
17,21,"X83304.0",19754.6918175629
18,21,"X83304.0",7427.97200705939
22,21,"X83304.0",19363.0084714927
23,21,"X83304.0",12786.9609963166
24,21,"X83304.0",19414.6788918331
25,21,"X83304.0",5736.88801386931
26,21,"X83304.0",20053.9125961063
27,21,"X83304.0",19681.0528180694
28,21,"X83304.0",11264.4125284094
9,22,"X302730.0",10994.7345832595
13,22,"X302730.0",16150.9303904489
21,22,"X302730.0",16297.0099823744
23,22,"X302730.0",16244.7039012132
25,22,"X302730.0",2182.27466356802
29,22,"X302730.0",12076.5597926333
2,23,"X82118.0",37224.5718417057
3,23,"X82118.0",37411.4373978058
4,23,"X82118.0",35392.5512983374
5,23,"X82118.0",29617.4040304099
6,23,"X82118.0",37422.3087741964
8,23,"X82118.0",37266.7410002374
9,23,"X82118.0",36966.471535197
11,23,"X82118.0",37497.0804088874
12,23,"X82118.0",37309.574968669
13,23,"X82118.0",37309.2204447768
14,23,"X82118.0",37502.1319020841
15,23,"X82118.0",37383.4087993121
16,23,"X82118.0",25223.9866707145
19,23,"X82118.0",37008.0163182046
21,23,"X82118.0",37350.4498516215
22,23,"X82118.0",37224.1976009882
23,23,"X82118.0",37390.895449689
25,23,"X82118.0",36769.9183598098
27,23,"X82118.0",33305.211814557
28,23,"X82118.0",36274.3662945524
1,25,"X0.0...26",156075.343589699
3,25,"X0.0...26",165804.64839291
4,25,"X0.0...26",167642.810447259
6,25,"X0.0...26",167506.340437219
9,25,"X0.0...26",49632.9125666742
10,25,"X0.0...26",165665.266955632
11,25,"X0.0...26",162625.903702253
12,25,"X0.0...26",74262.0155241801
13,25,"X0.0...26",168661.889985247
14,25,"X0.0...26",168557.464124806
15,25,"X0.0...26",163528.57008962
16,25,"X0.0...26",97987.9082663157
17,25,"X0.0...26",167975.182986062
18,25,"X0.0...26",166349.768720451
20,25,"X0.0...26",159082.187010755
21,25,"X0.0...26",126707.147241933
22,25,"X0.0...26",166450.260159701
25,25,"X0.0...26",51553.65475587
27,25,"X0.0...26",165857.373460614
28,25,"X0.0...26",167997.123242559
29,25,"X0.0...26",102644.305286994
9,26,"X91684.0",18374.6950572624
13,26,"X91684.0",13929.6857456843
14,26,"X91684.0",20857.619605991
15,26,"X91684.0",20854.2308422965
18,26,"X91684.0",20273.0018517161
21,26,"X91684.0",20548.7827750816
25,26,"X91684.0",4183.05737441357
28,26,"X91684.0",20826.1573416367
29,26,"X91684.0",15473.4807219604
7,28,"X538160.0",37029.326512911
8,28,"X538160.0",35785.9065536286
9,28,"X538160.0",34578.7754120295
12,28,"X538160.0",36612.579232345
13,28,"X538160.0",36622.3978749307
25,28,"X538160.0",5897.21908887197
3,30,"X352020.0",20423.1271757281
7,30,"X352020.0",16635.0248046946
8,30,"X352020.0",20272.0119492603
9,30,"X352020.0",9878.23219862717
13,30,"X352020.0",20439.3915490735
18,30,"X352020.0",19688.9938575771
21,30,"X352020.0",20167.4987078048
23,30,"X352020.0",19872.2834881036
24,30,"X352020.0",20292.1546988775
25,30,"X352020.0",4014.0043769184
26,30,"X352020.0",20618.8042124261
28,30,"X352020.0",20386.4179439331
29,30,"X352020.0",8712.69851402022
10,31,"X0.0...32",26785.3284769307
11,31,"X0.0...32",26200.0030129806
13,31,"X0.0...32",18787.9737891901
22,31,"X0.0...32",26777.8729512038
23,31,"X0.0...32",17068.3699815495
25,31,"X0.0...32",14615.1438842199
6,32,"X0.0...33",26503.905949757
14,32,"X0.0...33",26420.2921136357
29,32,"X0.0...33",25065.9494596199
7,35,"X169150.0",26801.3243740196
9,35,"X169150.0",13902.7284232758
11,35,"X169150.0",26712.9974858849
12,35,"X169150.0",13423.3699505661
14,35,"X169150.0",26874.1573185959
23,35,"X169150.0",20700.7978570014
25,35,"X169150.0",7914.37318436341
29,35,"X169150.0",16247.4856090171
1,36,"X228510.0",15470.4392202624
9,36,"X228510.0",13895.4543009033
11,36,"X228510.0",10667.4942043742
12,36,"X228510.0",8760.00497713123
14,36,"X228510.0",15436.7539297964
20,36,"X228510.0",15268.0516354468
21,36,"X228510.0",8907.30126146964
23,36,"X228510.0",7121.01363580867
25,36,"X228510.0",1040.85337413368
27,36,"X228510.0",15697.8584360372
29,36,"X228510.0",11766.6083918348
8,37,"X218710.0",29162.0164345714
9,37,"X218710.0",28783.7650165577
12,37,"X218710.0",28423.121475376
25,37,"X218710.0",18820.4823792301
11,38,"X150270.0",18567.6511583275
25,38,"X150270.0",18591.7494551154
4,39,"X437060.0",24689.2525068437
8,39,"X437060.0",23370.3563388914
10,39,"X437060.0",24749.644604148
11,39,"X437060.0",24523.8222209884
13,39,"X437060.0",21877.9721026925
17,39,"X437060.0",24538.8368901
25,39,"X437060.0",12672.4515245584
29,39,"X437060.0",24501.4702910661
12,41,"X74042.0",40966.1006512204
23,41,"X74042.0",39311.7750157841
25,41,"X74042.0",35995.5058569498
29,41,"X74042.0",41053.725655082
13,43,"X882940.0",49420.1344126174
25,43,"X882940.0",30305.0240379833
1,44,"X206670.0",44063.7037026993
9,44,"X206670.0",38081.7625953404
11,44,"X206670.0",42554.0616302117
12,44,"X206670.0",30509.7646741131
13,44,"X206670.0",43575.4666097357
14,44,"X206670.0",42741.846602231
18,44,"X206670.0",43672.2681126448
20,44,"X206670.0",44129.7548271709
22,44,"X206670.0",44436.0741917417
23,44,"X206670.0",43895.7294320118
24,44,"X206670.0",44127.8644689246
25,44,"X206670.0",35215.3395896087
26,44,"X206670.0",44097.436574066
28,44,"X206670.0",44099.340975014
4,47,"X0.0...48",49439.0903405631
6,47,"X0.0...48",40635.3411071811
8,47,"X0.0...48",51428.1174537105
15,47,"X0.0...48",44939.1610626749
18,47,"X0.0...48",50680.9167331549
1,48,"X0.0...49",20205.7314470303
5,48,"X0.0...49",20522.3905087758
6,48,"X0.0...49",20844.0101644588
7,48,"X0.0...49",20755.9557647032
8,48,"X0.0...49",13384.4160516929
9,48,"X0.0...49",20396.3301829938
11,48,"X0.0...49",18448.1254109573
12,48,"X0.0...49",13395.1543710843
16,48,"X0.0...49",20586.0289703238
21,48,"X0.0...49",20727.4686022014
23,48,"X0.0...49",10731.1391113668
25,48,"X0.0...49",4569.72296513737
27,48,"X0.0...49",20707.5924542099
29,48,"X0.0...49",10050.8444987577
10,51,"X564300.0",26125.8790031616
25,51,"X564300.0",21724.095663487
4,52,"X245980.0",77859.6127307242
9,52,"X245980.0",76350.9957553167
10,52,"X245980.0",78472.9871079453
13,52,"X245980.0",68884.6670469861
21,52,"X245980.0",75468.2778517262
25,52,"X245980.0",37489.3094085294
27,52,"X245980.0",78445.1810369973
2,53,"X631180.0",118366.476923912
3,53,"X631180.0",97948.4523864537
7,53,"X631180.0",111940.773964856
8,53,"X631180.0",120227.40325097
15,53,"X631180.0",115174.21037105
16,53,"X631180.0",117790.79222767
18,53,"X631180.0",119899.467644956
21,53,"X631180.0",120320.002172922
23,53,"X631180.0",121376.937552022
24,53,"X631180.0",120738.122089846
25,53,"X631180.0",108979.506832158
27,53,"X631180.0",121396.98544736
3,55,"X0.0...56",14018.1693406983
4,55,"X0.0...56",17201.0875388328
5,55,"X0.0...56",17156.6901919816
8,55,"X0.0...56",17038.2931451388
9,55,"X0.0...56",8159.77660477071
10,55,"X0.0...56",16212.1410977738
11,55,"X0.0...56",12009.0178595869
12,55,"X0.0...56",10839.7726044945
13,55,"X0.0...56",9912.94879821902
14,55,"X0.0...56",16767.6223823255
15,55,"X0.0...56",12514.9160212378
16,55,"X0.0...56",17114.8603911473
17,55,"X0.0...56",17093.845714128
18,55,"X0.0...56",9731.19890483955
19,55,"X0.0...56",17025.7157916297
20,55,"X0.0...56",17237.0574893026
21,55,"X0.0...56",12694.3030781796
22,55,"X0.0...56",17083.276491165
23,55,"X0.0...56",16228.8350291452
25,55,"X0.0...56",9283.62907906143
26,55,"X0.0...56",17200.313930497
29,55,"X0.0...56",9407.99028105056
8,56,"X70499.0",22510.8150819308
9,56,"X70499.0",16724.6218986271
11,56,"X70499.0",23207.1690766176
13,56,"X70499.0",22639.5362024133
17,56,"X70499.0",23105.4872804291
22,56,"X70499.0",22856.4452906749
23,56,"X70499.0",21877.742974397
25,56,"X70499.0",5521.82875281719
29,56,"X70499.0",22916.6066451564
4,57,"X778960.0",61394.8418108734
25,57,"X778960.0",62593.383637752
29,57,"X778960.0",65165.6255270243
1,58,"X0.0...59",31837.3316961832
2,58,"X0.0...59",32347.0846923562
5,58,"X0.0...59",31589.1318655301
6,58,"X0.0...59",29957.470202844
8,58,"X0.0...59",23204.4762709724
9,58,"X0.0...59",32070.4083314535
10,58,"X0.0...59",32168.8284710814
11,58,"X0.0...59",17940.8447065748
12,58,"X0.0...59",13753.3647913735
13,58,"X0.0...59",32104.4409307852
14,58,"X0.0...59",21792.539838245
16,58,"X0.0...59",31708.8586883049
17,58,"X0.0...59",32040.9614899341
18,58,"X0.0...59",23993.1755141984
19,58,"X0.0...59",32034.9866884636
21,58,"X0.0...59",31688.6055235319
22,58,"X0.0...59",28935.1324861857
23,58,"X0.0...59",17574.2790197358
24,58,"X0.0...59",32168.2892384696
25,58,"X0.0...59",16006.9432262694
26,58,"X0.0...59",32204.3536347524
27,58,"X0.0...59",26278.1612695366
29,58,"X0.0...59",19365.4975154828
1,60,"X153510.0",7813.05374654613
6,60,"X153510.0",5608.11388136628
7,60,"X153510.0",7798.720941763
14,60,"X153510.0",7806.64137503216
15,60,"X153510.0",7633.04750013121
19,60,"X153510.0",7732.2912167283
22,60,"X153510.0",7607.20943541176
24,60,"X153510.0",7533.93397717268
25,60,"X153510.0",7495.42663023819
29,60,"X153510.0",7767.93986639023
18,61,"X238060.0",21689.8963513869
22,61,"X238060.0",21658.6812623712
26,61,"X238060.0",21753.2538979487
28,61,"X238060.0",19810.2983164948
29,61,"X238060.0",21200.2994317206
2,62,"X0.0...63",18141.0217993878
3,62,"X0.0...63",5370.90537474453
4,62,"X0.0...63",18963.5043755124
5,62,"X0.0...63",15514.9334454242
8,62,"X0.0...63",20792.2757074333
9,62,"X0.0...63",21693.2366232358
10,62,"X0.0...63",18339.3895138357
11,62,"X0.0...63",3961.13465285283
13,62,"X0.0...63",21619.3482267938
16,62,"X0.0...63",7958.74723672778
18,62,"X0.0...63",14426.5889628101
19,62,"X0.0...63",21365.6342087133
21,62,"X0.0...63",21684.2672776179
22,62,"X0.0...63",20340.3763558346
23,62,"X0.0...63",21400.4637076048
24,62,"X0.0...63",21195.5188966631
26,62,"X0.0...63",19981.8035614251
27,62,"X0.0...63",21162.9877155344
28,62,"X0.0...63",21516.8442857817
29,62,"X0.0...63",21380.0372740897
3,63,"X122910.0",28269.7385275475
4,63,"X122910.0",28291.1807377588
9,63,"X122910.0",7446.30250430343
13,63,"X122910.0",28840.351724162
15,63,"X122910.0",28708.0454677454
21,63,"X122910.0",29354.3645699447
23,63,"X122910.0",29087.9220600966
25,63,"X122910.0",28863.1033995215
8,64,"X102580.0",37827.8865068409
12,64,"X102580.0",37694.4609766403
13,64,"X102580.0",36551.2989474768
14,64,"X102580.0",34887.1913491279
19,64,"X102580.0",37022.0604363302
25,64,"X102580.0",14305.6027378696
29,64,"X102580.0",36821.1083212902
12,65,"X479620.0",11061.3767556421
16,65,"X479620.0",10800.44690281
17,65,"X479620.0",10991.3711956429
19,65,"X479620.0",11211.3059227437
21,65,"X479620.0",11259.5905419083
22,65,"X479620.0",11238.6924732527
25,65,"X479620.0",10747.6198324443
26,65,"X479620.0",11022.8416513829
28,65,"X479620.0",10851.2956528247
29,65,"X479620.0",11189.0215505293
1,66,"X0.0...68",43513.1271735876
5,66,"X0.0...68",43536.1515272966
6,66,"X0.0...68",43551.9248366166
7,66,"X0.0...68",43487.6301958691
8,66,"X0.0...68",39384.9990051653
9,66,"X0.0...68",33647.442425349
10,66,"X0.0...68",43526.1718418954
11,66,"X0.0...68",35974.8075332406
12,66,"X0.0...68",30586.9641164407
13,66,"X0.0...68",43410.3401673889
14,66,"X0.0...68",42509.843812709
16,66,"X0.0...68",40546.4651469986
18,66,"X0.0...68",41539.2337866124
19,66,"X0.0...68",43554.9864757722
21,66,"X0.0...68",41092.1889504344
22,66,"X0.0...68",40198.8686467635
23,66,"X0.0...68",33517.3111464309
24,66,"X0.0...68",44490.8948286125
25,66,"X0.0...68",29363.5883861721
27,66,"X0.0...68",42016.3338522171
29,66,"X0.0...68",34830.4184193705
1,67,"X1615000.0",93892.8871713616
3,67,"X1615000.0",93386.3590103888
5,67,"X1615000.0",102791.568127562
6,67,"X1615000.0",97531.480199872
8,67,"X1615000.0",102334.507564521
9,67,"X1615000.0",96225.4181320359
10,67,"X1615000.0",100140.700808461
14,67,"X1615000.0",71767.4101303707
15,67,"X1615000.0",102644.312580754
18,67,"X1615000.0",77356.3566931912
19,67,"X1615000.0",97306.0455273415
20,67,"X1615000.0",96687.7379570435
21,67,"X1615000.0",100352.635954779
22,67,"X1615000.0",101449.736803839
23,67,"X1615000.0",71291.0663538009
25,67,"X1615000.0",42489.0817900712
27,67,"X1615000.0",98624.2563363735
29,67,"X1615000.0",96953.2591052987
1,68,"X126500.0",19029.4930587831
7,68,"X126500.0",19020.3768849366
8,68,"X126500.0",18958.780265098
9,68,"X126500.0",13726.9042449724
13,68,"X126500.0",17809.4411401109
15,68,"X126500.0",19082.4714322319
16,68,"X126500.0",19042.1877091772
21,68,"X126500.0",18262.9931675798
22,68,"X126500.0",18917.1670951624
23,68,"X126500.0",12602.4620695003
25,68,"X126500.0",8761.83130353895
27,68,"X126500.0",19101.5507360614
28,68,"X126500.0",19060.0178364744
29,68,"X126500.0",13035.5781361485
12,69,"X1088800.0",67387.2187050697
25,69,"X1088800.0",67513.6412274843
8,70,"X1377700.0",81277.6170904788
13,70,"X1377700.0",80848.8953335852
25,70,"X1377700.0",80459.1056908223
1,71,"X0.0...74",27448.5457112244
2,71,"X0.0...74",27665.3988912452
3,71,"X0.0...74",27392.8540456996
5,71,"X0.0...74",26086.3994697624
8,71,"X0.0...74",26373.5383473673
11,71,"X0.0...74",27244.0936434943
12,71,"X0.0...74",26807.9044804798
13,71,"X0.0...74",26765.5267776256
18,71,"X0.0...74",27497.4215759531
21,71,"X0.0...74",26957.186542085
22,71,"X0.0...74",27519.6947957649
23,71,"X0.0...74",19856.4556042025
25,71,"X0.0...74",23225.727179409
29,71,"X0.0...74",26782.8136132074
1,73,"X155140.0",43796.4819266519
2,73,"X155140.0",44818.8658530318
4,73,"X155140.0",43763.6363677674
8,73,"X155140.0",42509.6152268685
9,73,"X155140.0",42108.8362198905
12,73,"X155140.0",39116.5170695745
13,73,"X155140.0",43054.5620916744
14,73,"X155140.0",43722.6401314389
16,73,"X155140.0",43751.1218402312
18,73,"X155140.0",43825.7270239008
19,73,"X155140.0",43768.817933598
21,73,"X155140.0",40819.461327704
23,73,"X155140.0",41854.0514216059
25,73,"X155140.0",30842.9319568544
27,73,"X155140.0",43831.8152802471
28,73,"X155140.0",43497.2476821501
29,73,"X155140.0",43631.0331030585
12,74,"X1067700.0",48987.4991599942
9,75,"X974880.0",32576.7232275726
13,75,"X974880.0",31942.1453424436
25,75,"X974880.0",12873.3269683829
1,76,"X43847.0",17611.2963532024
2,76,"X43847.0",19196.6768070229
4,76,"X43847.0",19292.8498689368
5,76,"X43847.0",19092.6232333592
6,76,"X43847.0",19408.2595071892
8,76,"X43847.0",19344.6471412647
9,76,"X43847.0",17539.15010465
12,76,"X43847.0",18839.8222846089
13,76,"X43847.0",19348.2020213821
15,76,"X43847.0",18029.2088745502
16,76,"X43847.0",17647.6733908563
17,76,"X43847.0",19400.1251419536
18,76,"X43847.0",19147.4177748783
19,76,"X43847.0",19383.1214396852
20,76,"X43847.0",19389.4069318144
21,76,"X43847.0",12740.8132038157
22,76,"X43847.0",19314.0468324724
23,76,"X43847.0",19089.9881959139
24,76,"X43847.0",19322.3674566034
25,76,"X43847.0",14802.2908159803
26,76,"X43847.0",19287.8776210471
27,76,"X43847.0",13679.5919623438
29,76,"X43847.0",18919.272806029
13,78,"X1118400.0",28216.105374788
21,78,"X1118400.0",27639.3716539839
23,78,"X1118400.0",28026.1178511272
25,78,"X1118400.0",5705.2291263684
7,79,"X168330.0",31296.6864511434
9,79,"X168330.0",28648.8467551741
11,79,"X168330.0",30867.0310241511
12,79,"X168330.0",31704.0852308682
16,79,"X168330.0",32602.8393356911
17,79,"X168330.0",32233.425971952
18,79,"X168330.0",31165.6720976877
21,79,"X168330.0",32073.6040410359
23,79,"X168330.0",27372.948840079
25,79,"X168330.0",23105.1671075977
26,79,"X168330.0",32735.6836923572
19,82,"X191740.0",46547.3201950297
23,82,"X191740.0",46743.8918196169
4,83,"X6504300.0",66170.7225535883
6,83,"X6504300.0",73246.2710288811
8,83,"X6504300.0",71005.5596483339
15,83,"X6504300.0",72108.3838834074
16,83,"X6504300.0",69857.6383697657
27,83,"X6504300.0",73364.9523578745
28,83,"X6504300.0",69509.187720853
29,83,"X6504300.0",56238.3059164514
23,84,"X1757200.0",15946.1392546813
1,85,"X61025.0",25009.7589816797
4,85,"X61025.0",24997.53757428
9,85,"X61025.0",24635.2534151902
12,85,"X61025.0",20788.7934254686
15,85,"X61025.0",24977.455813705
19,85,"X61025.0",24823.4553028105
21,85,"X61025.0",23280.3134494339
22,85,"X61025.0",24714.8810286639
23,85,"X61025.0",24641.8952278355
24,85,"X61025.0",24614.9845406527
27,85,"X61025.0",23322.8505149165
29,85,"X61025.0",25023.0267988199
9,86,"X49052.0",11043.1223369944
11,86,"X49052.0",19047.6377978345
12,86,"X49052.0",14520.3511511166
18,86,"X49052.0",18957.8808022526
23,86,"X49052.0",13422.6876591391
25,86,"X49052.0",5879.13150857954
28,86,"X49052.0",18981.3104429697
29,86,"X49052.0",18784.4525778743
8,87,"X142310.0",45660.4890677855
10,87,"X142310.0",48330.6516756531
11,87,"X142310.0",46878.8162281328
13,87,"X142310.0",46984.7320304144
16,87,"X142310.0",48457.634413844
17,87,"X142310.0",47058.2847573381
19,87,"X142310.0",48446.2028997072
24,87,"X142310.0",48243.2209045346
25,87,"X142310.0",10569.9368850003
28,87,"X142310.0",48375.7720568903
29,87,"X142310.0",24868.7194101726
25,88,"X851360.0",17036.9574780172
5,90,"X0.0...96",34311.6786932551
7,90,"X0.0...96",33035.0769429375
8,90,"X0.0...96",32832.5318344096
10,90,"X0.0...96",33945.6311228028
11,90,"X0.0...96",34418.3424324078
12,90,"X0.0...96",17888.1981804553
22,90,"X0.0...96",34077.9324657744
23,90,"X0.0...96",34042.0935295955
25,90,"X0.0...96",18968.2286996471
29,90,"X0.0...96",33403.5979374585
3,91,"X0.0...97",44459.0627091956
5,91,"X0.0...97",43350.0123880529
7,91,"X0.0...97",40933.1910046926
8,91,"X0.0...97",43277.6822453573
9,91,"X0.0...97",33909.4305379813
12,91,"X0.0...97",32907.6392419804
14,91,"X0.0...97",37254.5459500523
20,91,"X0.0...97",43804.6415625304
22,91,"X0.0...97",43893.7357142094
23,91,"X0.0...97",30620.3737500011
25,91,"X0.0...97",9008.44836800269
28,91,"X0.0...97",44253.1771347614
29,91,"X0.0...97",29984.4310868292
2,92,"X658640.0",39070.3435294504
3,92,"X658640.0",39194.1280990479
5,92,"X658640.0",29557.7692660463
7,92,"X658640.0",24526.6034025617
10,92,"X658640.0",22207.6693309743
12,92,"X658640.0",34412.7720077873
13,92,"X658640.0",39256.0262025739
14,92,"X658640.0",33865.1797226352
17,92,"X658640.0",38904.0557462977
18,92,"X658640.0",24223.3082283978
22,92,"X658640.0",37371.6603347106
23,92,"X658640.0",39339.4027430602
24,92,"X658640.0",38777.1826214045
25,92,"X658640.0",31950.1532435581
26,92,"X658640.0",32621.4476387215
29,92,"X658640.0",36995.2375336816
9,93,"X1.4446E7",16419.5524832218
14,93,"X1.4446E7",16222.7746301338
17,93,"X1.4446E7",16756.3391962618
20,93,"X1.4446E7",15661.6068362724
24,93,"X1.4446E7",16184.707029518
7,94,"X255370.0",18579.6509674937
9,94,"X255370.0",17043.7284355987
12,94,"X255370.0",18055.9977827043
14,94,"X255370.0",18163.493590755
25,94,"X255370.0",18166.6488824108
1,95,"X202520.0",25851.7819111169
3,95,"X202520.0",26002.0117542242
5,95,"X202520.0",26120.6316158603
7,95,"X202520.0",12055.0025009557
9,95,"X202520.0",17193.1707379221
10,95,"X202520.0",25300.0081640803
11,95,"X202520.0",25904.9779540355
12,95,"X202520.0",20270.2222521854
13,95,"X202520.0",19935.2084119015
14,95,"X202520.0",25574.3928730725
17,95,"X202520.0",25912.8141777976
18,95,"X202520.0",17696.9640150033
20,95,"X202520.0",25957.2544316225
21,95,"X202520.0",25868.9427454673
23,95,"X202520.0",8934.16951928915
24,95,"X202520.0",26048.9429432224
25,95,"X202520.0",4883.50981106776
27,95,"X202520.0",15790.0466446061
28,95,"X202520.0",26182.2202269181
29,95,"X202520.0",14280.0831178109
1,98,"X152300.0",19317.454150662
4,98,"X152300.0",19651.5085129873
8,98,"X152300.0",11625.8336148698
9,98,"X152300.0",10643.0211724335
11,98,"X152300.0",19606.2616211369
13,98,"X152300.0",18908.3617446538
15,98,"X152300.0",19464.8945991379
16,98,"X152300.0",14348.6285949935
17,98,"X152300.0",19737.8144801115
18,98,"X152300.0",18516.3225865681
21,98,"X152300.0",15406.1559504883
22,98,"X152300.0",19694.6590671532
23,98,"X152300.0",19046.3519940623
25,98,"X152300.0",9317.05689063458
27,98,"X152300.0",11286.9527692821
29,98,"X152300.0",18888.4050644689
25,99,"X1317500.0",41349.5173927688
29,99,"X1317500.0",73922.7374262803
23,100,"X427580.0",14815.6601391557
25,100,"X427580.0",7110.26890730873
9,101,"X591490.0",30517.1702700833
13,101,"X591490.0",30841.3615447175
23,101,"X591490.0",30822.2402181849
25,101,"X591490.0",12174.8666749591
29,101,"X591490.0",23238.8085509828
1,106,"X3438000.0",83791.7667308168
3,106,"X3438000.0",72066.1585417349
5,106,"X3438000.0",83234.1412685644
16,106,"X3438000.0",82880.6624549547
22,106,"X3438000.0",80571.2408559138
8,107,"X3669000.0",43485.5412641861
8,108,"X208730.0",31962.582806038
9,108,"X208730.0",16529.6500723681
12,108,"X208730.0",18204.8098964005
13,108,"X208730.0",15012.9047937188
18,108,"X208730.0",26785.6315194158
21,108,"X208730.0",22114.3909813704
23,108,"X208730.0",11491.3955682143
25,108,"X208730.0",4907.08887043513
29,108,"X208730.0",17161.9216697636
8,109,"X131840.0",11722.2923146918
29,109,"X131840.0",11935.6178969467
13,110,"X400380.0",19928.424606598
21,110,"X400380.0",19965.7173121427
25,110,"X400380.0",4721.04759108838
8,111,"X1060000.0",81524.9874808778
25,111,"X1060000.0",71422.3660092452
29,111,"X1060000.0",85287.8043797488
8,112,"X536760.0",7459.04190120593
11,112,"X536760.0",7066.19560386944
23,112,"X536760.0",7315.09447140359
25,112,"X536760.0",4466.72857034951
26,112,"X536760.0",7512.8206164366
25,113,"X1943500.0",437358.572383062
25,114,"X1586800.0",20833.1047641831
13,115,"X985030.0",82450.9017652936
25,115,"X985030.0",86094.1187122562
4,116,"X0.0...122",43622.7339458113
8,116,"X0.0...122",41672.0929300674
13,116,"X0.0...122",24860.1547376393
15,116,"X0.0...122",42432.7894131513
17,116,"X0.0...122",42969.2214424693
18,116,"X0.0...122",42857.2653701409
22,116,"X0.0...122",43684.7779763431
23,116,"X0.0...122",42818.2866872859
25,116,"X0.0...122",14264.6798503912
28,116,"X0.0...122",43551.5585876925
29,116,"X0.0...122",41801.7208551392
11,117,"X741360.0",62504.5357358173
2,118,"X312580.0",78575.8105359644
10,118,"X312580.0",81018.5371179108
12,118,"X312580.0",76078.3686131209
13,118,"X312580.0",70611.1872712889
19,118,"X312580.0",73286.2066927867
21,118,"X312580.0",78426.2120335771
24,118,"X312580.0",78882.8305588118
25,118,"X312580.0",77106.0506738693
26,118,"X312580.0",80700.9802750818
28,118,"X312580.0",81702.9276424721
1,119,"X52311.0",27429.617084338
4,119,"X52311.0",27562.4599546574
5,119,"X52311.0",27561.6266068573
7,119,"X52311.0",27588.0445021219
8,119,"X52311.0",19250.9315434361
9,119,"X52311.0",22268.4106907402
10,119,"X52311.0",27588.09791305
11,119,"X52311.0",27630.6335648418
12,119,"X52311.0",27063.399458345
13,119,"X52311.0",14180.7707914855
16,119,"X52311.0",27528.845262636
17,119,"X52311.0",27516.1591730417
18,119,"X52311.0",27685.3452473558
25,119,"X52311.0",21490.3675140461
26,119,"X52311.0",27529.232326295
28,119,"X52311.0",27628.1248618506
29,119,"X52311.0",23229.8280872632
1,120,"X129800.0",12887.0527253663
2,120,"X129800.0",12918.0305822361
3,120,"X129800.0",11624.0072088463
5,120,"X129800.0",12695.3709739935
6,120,"X129800.0",10640.8371604131
7,120,"X129800.0",12879.4047378308
8,120,"X129800.0",12221.3543592088
9,120,"X129800.0",9411.24375442692
11,120,"X129800.0",12832.9414230594
12,120,"X129800.0",4219.42257495681
13,120,"X129800.0",12155.9918536348
15,120,"X129800.0",12919.785351596
16,120,"X129800.0",7736.01468993364
18,120,"X129800.0",11172.0017741943
19,120,"X129800.0",12861.2219304807
21,120,"X129800.0",12897.3737277743
22,120,"X129800.0",5948.76774533768
23,120,"X129800.0",5847.846660801
25,120,"X129800.0",3507.99649312252
26,120,"X129800.0",12906.7279884609
27,120,"X129800.0",7195.45156822554
28,120,"X129800.0",12667.6685440362
29,120,"X129800.0",7370.53210473838
3,122,"X663430.0",70829.7907413479
18,122,"X663430.0",71185.9990017392
25,123,"X967840.0",20525.2861345072
1,125,"X0.0...131",12289.8163926981
2,125,"X0.0...131",11224.7245865917
3,125,"X0.0...131",12203.4780490884
5,125,"X0.0...131",12224.9073125151
6,125,"X0.0...131",12178.8825545394
8,125,"X0.0...131",12356.7943981966
9,125,"X0.0...131",12258.2612738817
10,125,"X0.0...131",12229.1663566477
11,125,"X0.0...131",10008.5562069699
12,125,"X0.0...131",6416.97514120854
13,125,"X0.0...131",12301.7087506356
16,125,"X0.0...131",11301.2200731752
17,125,"X0.0...131",12322.2504235341
18,125,"X0.0...131",10759.7211570507
19,125,"X0.0...131",12398.6556390859
22,125,"X0.0...131",6578.70023195437
23,125,"X0.0...131",8868.23604236245
24,125,"X0.0...131",12249.8922231946
25,125,"X0.0...131",12337.4034587272
26,125,"X0.0...131",12321.5645384422
27,125,"X0.0...131",12076.1386755804
28,125,"X0.0...131",9232.93126630988
29,125,"X0.0...131",12274.4322676142
26,127,"X569620.0",64410.5703511918
3,129,"X0.0...135",11292.8515444822
5,129,"X0.0...135",11200.5100848003
6,129,"X0.0...135",11000.627902651
7,129,"X0.0...135",8838.81101992333
8,129,"X0.0...135",8589.29538448512
9,129,"X0.0...135",9266.15037378503
10,129,"X0.0...135",11315.042139788
11,129,"X0.0...135",10350.6797968568
12,129,"X0.0...135",5676.50609640786
13,129,"X0.0...135",8953.43250845134
14,129,"X0.0...135",10697.161804792
15,129,"X0.0...135",11286.0296441758
16,129,"X0.0...135",11184.0291703261
18,129,"X0.0...135",11111.629264684
20,129,"X0.0...135",11333.0242888194
21,129,"X0.0...135",9434.30464432146
22,129,"X0.0...135",11103.4677731152
23,129,"X0.0...135",5538.86889847628
24,129,"X0.0...135",11229.9248580228
25,129,"X0.0...135",3965.18434491207
26,129,"X0.0...135",10649.8963742567
27,129,"X0.0...135",11154.4859077556
29,129,"X0.0...135",5488.68985019994
11,130,"X118290.0",15287.6553720815
15,130,"X118290.0",15177.3715633615
16,130,"X118290.0",13314.2415803188
22,130,"X118290.0",14689.8003141265
2,132,"X0.0...138",45438.6037391768
5,132,"X0.0...138",43748.3786440261
7,132,"X0.0...138",44900.4859359382
8,132,"X0.0...138",34627.668809297
10,132,"X0.0...138",43213.2415783184
11,132,"X0.0...138",42943.0004974406
12,132,"X0.0...138",43491.5972717702
14,132,"X0.0...138",46041.323610662
16,132,"X0.0...138",46019.0679403625
17,132,"X0.0...138",45916.5655069452
18,132,"X0.0...138",45102.2381527437
19,132,"X0.0...138",45879.3769896339
22,132,"X0.0...138",27664.4581553236
23,132,"X0.0...138",33220.6972784424
24,132,"X0.0...138",44831.4950870598
26,132,"X0.0...138",45127.910532163
28,132,"X0.0...138",45908.5015113441
25,133,"X307800.0",88548.1067414836
21,134,"X1141800.0",43744.106400267
13,135,"X204290.0",24065.4909138248
23,135,"X204290.0",24209.7454634438
25,135,"X204290.0",6764.06598740516
3,136,"X1.2171E7",23655.7324564002
4,136,"X1.2171E7",29372.3116426093
7,136,"X1.2171E7",27128.8312510714
8,136,"X1.2171E7",28608.7026810298
12,136,"X1.2171E7",28975.7871062015
16,136,"X1.2171E7",28886.7012647539
17,136,"X1.2171E7",27571.6628002107
20,136,"X1.2171E7",26226.2180339253
25,136,"X1.2171E7",24978.6870593691
7,137,"X160880.0",28700.1600127321
8,137,"X160880.0",28045.5684100767
18,137,"X160880.0",29353.0313955802
25,137,"X160880.0",29019.8390312186
28,137,"X160880.0",28375.7008636645
17,139,"X512170.0",41411.7687875576
25,139,"X512170.0",36212.8049283455
14,140,"X5124500.0",856500.777802544
17,140,"X5124500.0",910495.510677613
28,140,"X5124500.0",892540.225800077
25,141,"X158060.0",12651.7088131048
26,141,"X158060.0",45374.5075631219
29,141,"X158060.0",44765.6880767138
28,142,"X1285500.0",148217.349100757
8,144,"X122800.0",22210.883150131
9,144,"X122800.0",25618.2060766396
10,144,"X122800.0",29348.8888283107
11,144,"X122800.0",26574.7193558389
13,144,"X122800.0",19530.614276845
16,144,"X122800.0",29759.6367178887
17,144,"X122800.0",29714.9982145731
21,144,"X122800.0",23405.8117549051
24,144,"X122800.0",28945.100226184
25,144,"X122800.0",12809.2072177545
27,144,"X122800.0",29766.3856468614
28,144,"X122800.0",29588.9487072565
29,144,"X122800.0",29418.3672709838
11,145,"X106250.0",24803.4385459593
13,145,"X106250.0",24774.7288863705
25,145,"X106250.0",19914.5471763412
5,147,"X8813400.0",43078.2829158809
6,147,"X8813400.0",49847.3700468241
7,147,"X8813400.0",25380.5830565486
9,147,"X8813400.0",45068.447665551
11,147,"X8813400.0",46507.6498106274
12,147,"X8813400.0",43613.170697464
13,147,"X8813400.0",49355.7097145259
14,147,"X8813400.0",28953.0656319883
25,147,"X8813400.0",9576.27464744278
28,147,"X8813400.0",47225.6293904949
1,148,"X133280.0",76472.4900859193
4,148,"X133280.0",75149.5307197833
7,148,"X133280.0",76354.9566241904
9,148,"X133280.0",71591.7280965161
11,148,"X133280.0",76463.3906884695
13,148,"X133280.0",65984.1924505153
14,148,"X133280.0",76662.4937091599
15,148,"X133280.0",76398.8794348762
17,148,"X133280.0",76632.8235629229
21,148,"X133280.0",56182.3267757352
25,148,"X133280.0",32726.9869447641
29,148,"X133280.0",70149.5252710686
9,149,"X1197500.0",59979.3006296062
11,149,"X1197500.0",61341.1621834101
12,149,"X1197500.0",61013.7401872037
25,149,"X1197500.0",47931.9018061039
8,150,"X377020.0",85916.1382016719
14,150,"X377020.0",82067.4410350107
15,150,"X377020.0",85367.0921145144
22,150,"X377020.0",85550.0723100899
23,150,"X377020.0",82202.1809150023
24,150,"X377020.0",85297.954739515
26,150,"X377020.0",83411.0664438328
27,150,"X377020.0",85267.1028597036
12,152,"X209720.0",25917.0913951272
19,152,"X209720.0",26691.80814539
21,152,"X209720.0",26444.7911003503
23,152,"X209720.0",21425.2220217214
25,152,"X209720.0",7291.8408341814
29,152,"X209720.0",26696.3231429127
25,153,"X430800.0",23588.3191595393
2,154,"X146080.0",13137.0069523425
3,154,"X146080.0",16458.3641112651
4,154,"X146080.0",22405.6748577333
5,154,"X146080.0",20502.7299273356
7,154,"X146080.0",21305.4864391505
8,154,"X146080.0",20931.8934260464
16,154,"X146080.0",21928.1453402035
24,154,"X146080.0",21017.7358855922
25,154,"X146080.0",22052.7312305371
27,154,"X146080.0",20580.1161548861
22,155,"X634070.0",24685.6760869182
2,156,"X99922.0",25041.6206777456
4,156,"X99922.0",24744.9363118268
7,156,"X99922.0",25426.424130637
8,156,"X99922.0",25303.7686751089
10,156,"X99922.0",25067.2658180436
20,156,"X99922.0",25338.537032542
29,156,"X99922.0",25007.805492404
6,158,"X72594.0",25273.5603946594
7,158,"X72594.0",26075.4771980927
8,158,"X72594.0",26007.3115106106
9,158,"X72594.0",24965.4911335885
12,158,"X72594.0",17928.5305386299
13,158,"X72594.0",26208.4827958123
14,158,"X72594.0",26022.4765290011
19,158,"X72594.0",25888.7051532077
21,158,"X72594.0",25984.1051934231
23,158,"X72594.0",24499.2910445973
24,158,"X72594.0",25872.5093263547
25,158,"X72594.0",12560.0644824086
27,158,"X72594.0",26165.2253027802
28,158,"X72594.0",25547.4166741482
1,161,"X93236.0",22789.5077512593
7,161,"X93236.0",22736.4275295044
9,161,"X93236.0",14772.5744276451
12,161,"X93236.0",22707.2576625985
13,161,"X93236.0",21584.783300377
18,161,"X93236.0",21923.3071834309
21,161,"X93236.0",19900.6710094716
25,161,"X93236.0",11760.353669987
9,163,"X407120.0",36035.391548731
12,163,"X407120.0",34867.6924503732
14,163,"X407120.0",37341.9168895072
25,163,"X407120.0",17061.5853858357
3,165,"X706930.0",60414.3494040788
21,165,"X706930.0",57678.4659669469
25,166,"X1050400.0",50646.5951936906
1,167,"X0.0...177",117163.988392842
2,167,"X0.0...177",139642.152693766
3,167,"X0.0...177",185482.993133785
6,167,"X0.0...177",141007.691128887
8,167,"X0.0...177",42296.4649488141
10,167,"X0.0...177",141430.729582697
11,167,"X0.0...177",74994.0180399445
12,167,"X0.0...177",69126.5286620219
13,167,"X0.0...177",134185.402822252
14,167,"X0.0...177",138842.816472743
15,167,"X0.0...177",139495.59666812
16,167,"X0.0...177",138739.035379747
18,167,"X0.0...177",63907.9733281703
20,167,"X0.0...177",134720.385280676
21,167,"X0.0...177",139787.36467414
22,167,"X0.0...177",138059.524659468
23,167,"X0.0...177",112061.31450073
24,167,"X0.0...177",139963.679712302
25,167,"X0.0...177",140930.141607018
26,167,"X0.0...177",139801.470302024
27,167,"X0.0...177",71251.1019875272
28,167,"X0.0...177",139346.195928066
29,167,"X0.0...177",127000.383210874
8,169,"X157740.0",25860.407774185
11,169,"X157740.0",25360.1381039976
15,169,"X157740.0",25692.7361739463
29,169,"X157740.0",25362.1839693258
21,171,"X288590.0",30247.3519750464
19,172,"X127530.0",24272.1696723948
25,173,"X779140.0",52555.1963264213
25,174,"X555880.0",54226.0860795478
1,175,"X1159300.0",117114.656134363
3,175,"X1159300.0",145741.518008848
5,175,"X1159300.0",78091.1238383483
6,175,"X1159300.0",93819.0372797471
7,175,"X1159300.0",145074.78900525
8,175,"X1159300.0",146468.794390579
9,175,"X1159300.0",124856.691326984
11,175,"X1159300.0",145256.491614788
12,175,"X1159300.0",68322.65197788
14,175,"X1159300.0",112033.93060454
15,175,"X1159300.0",145892.638840224
16,175,"X1159300.0",139290.768842445
18,175,"X1159300.0",137995.397320457
19,175,"X1159300.0",146059.002893579
20,175,"X1159300.0",145319.556085686
21,175,"X1159300.0",141924.959915134
22,175,"X1159300.0",119907.096627718
23,175,"X1159300.0",98045.5856899089
25,175,"X1159300.0",92427.290901545
26,175,"X1159300.0",146170.091826026
27,175,"X1159300.0",145201.839518301
29,175,"X1159300.0",105687.717552233
13,176,"X303960.0",30194.2419591589
21,177,"X1505400.0",32126.9515084419
27,177,"X1505400.0",31234.9631779537
1,178,"X0.0...192",24071.8276650537
3,178,"X0.0...192",23969.4111341628
5,178,"X0.0...192",24076.9497458392
7,178,"X0.0...192",21909.2374367465
8,178,"X0.0...192",24098.8403071962
9,178,"X0.0...192",16517.4172561864
10,178,"X0.0...192",22996.6277267202
11,178,"X0.0...192",16657.7982180464
12,178,"X0.0...192",12716.2742524031
13,178,"X0.0...192",16124.5531643608
14,178,"X0.0...192",23981.368621599
15,178,"X0.0...192",24128.7721792115
18,178,"X0.0...192",17150.1779644358
21,178,"X0.0...192",23359.9477768889
22,178,"X0.0...192",20248.9940630914
23,178,"X0.0...192",9242.99764714551
25,178,"X0.0...192",8140.58457608148
26,178,"X0.0...192",23885.5460231837
27,178,"X0.0...192",23948.3671070385
29,178,"X0.0...192",15081.4110278475
10,179,"X116280.0",37608.647071276
11,179,"X116280.0",37471.1463765669
13,179,"X116280.0",33073.4083815252
18,179,"X116280.0",37055.6630765605
19,179,"X116280.0",37575.457015828
20,179,"X116280.0",37558.858435305
22,179,"X116280.0",38006.727793931
24,179,"X116280.0",37729.1060849739
26,179,"X116280.0",32401.7313591981
28,179,"X116280.0",36473.3332040359
29,179,"X116280.0",37877.1972467432
2,180,"X403450.0",12079.7539223663
7,180,"X403450.0",11904.3437645825
9,180,"X403450.0",12660.4077689959
11,180,"X403450.0",11507.1857738874
12,180,"X403450.0",12163.3922897837
16,180,"X403450.0",12670.6945244153
20,180,"X403450.0",12506.6137501247
21,180,"X403450.0",12625.3764972219
24,180,"X403450.0",12206.0823777679
25,180,"X403450.0",5819.75899964214
27,180,"X403450.0",11528.7567869664
29,180,"X403450.0",11740.2395111662
4,181,"X0.0...195",26267.0853095994
12,181,"X0.0...195",27155.5755659281
15,181,"X0.0...195",26867.5459774198
19,181,"X0.0...195",27531.890449397
25,181,"X0.0...195",19749.9988897625
9,183,"X339490.0",26397.0234190796
11,183,"X339490.0",26731.7749586932
23,183,"X339490.0",27561.824944645
25,183,"X339490.0",27039.9303480849
7,184,"X253590.0",28094.4378501658
9,184,"X253590.0",19467.1575534593
11,184,"X253590.0",22132.538727066
12,184,"X253590.0",22222.7068619125
13,184,"X253590.0",29191.9396767722
16,184,"X253590.0",28940.5050051877
18,184,"X253590.0",28860.0969740033
21,184,"X253590.0",28534.069916781
22,184,"X253590.0",29104.0188143555
23,184,"X253590.0",18314.8855293565
25,184,"X253590.0",11418.0801468823
3,185,"X1640600.0",295226.615490752
5,185,"X1640600.0",297858.643066836
11,185,"X1640600.0",293197.120259779
16,185,"X1640600.0",298175.096729599
23,185,"X1640600.0",296232.843689594
24,185,"X1640600.0",294547.211892909
26,185,"X1640600.0",289173.881410757
27,185,"X1640600.0",297447.163212278
28,185,"X1640600.0",297879.40039751
7,188,"X2423100.0",74639.6070466898
8,188,"X2423100.0",71058.5638965205
9,188,"X2423100.0",39884.6530449544
12,188,"X2423100.0",74634.572399741
13,188,"X2423100.0",76147.4836537271
14,188,"X2423100.0",69347.7832604314
20,188,"X2423100.0",76227.9350817481
23,188,"X2423100.0",37022.2775499115
24,188,"X2423100.0",77208.6538172908
25,188,"X2423100.0",9296.65845696506
29,188,"X2423100.0",24657.8333745507
2,192,"X0.0...207",220985.563933068
4,192,"X0.0...207",226018.306068171
5,192,"X0.0...207",223440.054392357
6,192,"X0.0...207",225576.709522671
7,192,"X0.0...207",162140.359811065
8,192,"X0.0...207",222845.890807779
9,192,"X0.0...207",225203.327161401
10,192,"X0.0...207",176336.369691085
12,192,"X0.0...207",224303.981769315
13,192,"X0.0...207",197464.483709
15,192,"X0.0...207",222255.127924487
17,192,"X0.0...207",216052.638365005
18,192,"X0.0...207",219721.154264006
19,192,"X0.0...207",195241.900621681
20,192,"X0.0...207",224429.627482949
21,192,"X0.0...207",211822.849488093
22,192,"X0.0...207",223399.158971804
24,192,"X0.0...207",222923.592530786
25,192,"X0.0...207",147860.524331452
26,192,"X0.0...207",205434.429243325
27,192,"X0.0...207",193698.73616328
28,192,"X0.0...207",213603.542328992
29,192,"X0.0...207",218848.013825481
7,193,"X388900.0",25455.5351265506
9,193,"X388900.0",26098.8037292438
10,193,"X388900.0",26088.6829975845
1,197,"X121810.0",26864.4123618176
7,197,"X121810.0",26557.8908340949
8,197,"X121810.0",19802.7641351546
9,197,"X121810.0",7046.56798664605
11,197,"X121810.0",22417.5070918689
12,197,"X121810.0",9842.88487737836
13,197,"X121810.0",20099.2051579167
15,197,"X121810.0",26462.2055749654
16,197,"X121810.0",25501.7509254397
17,197,"X121810.0",27005.8895114841
18,197,"X121810.0",26066.7179514546
21,197,"X121810.0",14336.7810353694
22,197,"X121810.0",26637.0654059908
23,197,"X121810.0",7917.46025840627
25,197,"X121810.0",3047.39113710609
27,197,"X121810.0",24490.5856029487
28,197,"X121810.0",26892.3669145371
29,197,"X121810.0",11373.9559842164
1,201,"X1180500.0",35400.0297109532
3,201,"X1180500.0",14947.273092483
4,201,"X1180500.0",36021.4038008268
5,201,"X1180500.0",35907.3956712143
6,201,"X1180500.0",36152.8501899079
7,201,"X1180500.0",18171.3456655884
8,201,"X1180500.0",36045.2813185622
9,201,"X1180500.0",16614.9698739161
10,201,"X1180500.0",35375.1442331178
12,201,"X1180500.0",35715.6495949698
13,201,"X1180500.0",33700.1911383968
15,201,"X1180500.0",36014.767441449
17,201,"X1180500.0",35942.0536218841
18,201,"X1180500.0",35870.5303576263
19,201,"X1180500.0",35944.9321838142
20,201,"X1180500.0",35645.6628574843
21,201,"X1180500.0",30217.8453028218
22,201,"X1180500.0",30979.3970843106
23,201,"X1180500.0",35774.4781668055
25,201,"X1180500.0",31707.8854648855
3,202,"X140120.0",13636.7004237872
4,202,"X140120.0",16887.1240899356
5,202,"X140120.0",16952.07655216
9,202,"X140120.0",13936.6898428329
12,202,"X140120.0",16832.6811500999
17,202,"X140120.0",15454.8073173809
19,202,"X140120.0",14904.8480530269
23,202,"X140120.0",16939.0739921457
25,202,"X140120.0",16552.6305275234
26,202,"X140120.0",16684.9506088403
29,202,"X140120.0",16070.4819879566
4,204,"X106770.0",51873.6017386762
10,204,"X106770.0",52375.0717243694
11,204,"X106770.0",52250.1049335752
13,204,"X106770.0",51768.707907336
19,204,"X106770.0",52211.3508662082
21,204,"X106770.0",41910.072625091
23,204,"X106770.0",51399.5859812488
25,204,"X106770.0",51296.1862796683
26,204,"X106770.0",51926.5859077045
28,204,"X106770.0",52403.2684145005
29,204,"X106770.0",51626.7442481804
2,205,"X69654.0",19140.4785006785
6,205,"X69654.0",19136.8805450877
7,205,"X69654.0",19091.3436532781
8,205,"X69654.0",18251.3345899431
9,205,"X69654.0",15638.066698839
10,205,"X69654.0",17534.5122631706
11,205,"X69654.0",18976.4591293099
12,205,"X69654.0",15255.9178370176
13,205,"X69654.0",17459.9400715588
15,205,"X69654.0",18965.7005151158
16,205,"X69654.0",18975.5116539824
17,205,"X69654.0",18694.2754436201
18,205,"X69654.0",12921.8409407318
20,205,"X69654.0",15269.7543740112
21,205,"X69654.0",18816.7885165077
22,205,"X69654.0",19128.2941037085
23,205,"X69654.0",18375.895467508
24,205,"X69654.0",11878.6480260096
25,205,"X69654.0",12715.0719481029
26,205,"X69654.0",13596.7064926269
27,205,"X69654.0",11610.5632058533
29,205,"X69654.0",16623.4068913311
8,206,"X525220.0",33404.025168875
23,206,"X525220.0",33897.1725110659
25,206,"X525220.0",10696.1242041653
29,206,"X525220.0",33893.275770936
23,208,"X1589300.0",49186.3292793786
25,210,"X2643600.0",88097.8787294308
25,212,"X884150.0",45366.0219584843
28,213,"X408290.0",17267.9530132339
1,215,"X446330.0",39694.3990285666
7,215,"X446330.0",39281.4170634873
9,215,"X446330.0",39702.1497025233
12,215,"X446330.0",37695.9293187997
13,215,"X446330.0",39232.9371866611
21,215,"X446330.0",37864.8068966023
24,215,"X446330.0",38697.518996085
26,215,"X446330.0",38328.3746544898
28,217,"X3986700.0",54136.8738151797
10,218,"X1027700.0",10743.8279318607
13,218,"X1027700.0",10790.3890376781
25,218,"X1027700.0",10389.4948340035
29,218,"X1027700.0",10446.2050407542
2,219,"X389320.0",30014.021663298
5,219,"X389320.0",23784.015873475
6,219,"X389320.0",31871.1295834437
7,219,"X389320.0",13197.2803097755
8,219,"X389320.0",31449.447040214
9,219,"X389320.0",31910.1434688713
10,219,"X389320.0",22091.6700248122
12,219,"X389320.0",12643.885292973
13,219,"X389320.0",23962.835956822
14,219,"X389320.0",13219.7532179898
15,219,"X389320.0",31675.1737578406
17,219,"X389320.0",31538.9951421498
18,219,"X389320.0",10474.0207949237
20,219,"X389320.0",31356.4806086414
22,219,"X389320.0",18368.1048316349
23,219,"X389320.0",17995.4094447348
24,219,"X389320.0",28682.2518270094
25,219,"X389320.0",10325.0042967194
26,219,"X389320.0",27468.2980811978
28,219,"X389320.0",30739.6444558872
29,219,"X389320.0",14456.8173988226
9,224,"X1927200.0",26501.8719169532
14,224,"X1927200.0",24329.6586525478
25,224,"X1927200.0",12625.438829307
2,225,"X0.0...242",58595.0140593341
3,225,"X0.0...242",59024.3699819781
5,225,"X0.0...242",60890.4073542332
6,225,"X0.0...242",61378.3024838247
7,225,"X0.0...242",60954.3385491536
8,225,"X0.0...242",61865.1179361345
10,225,"X0.0...242",60686.2394298744
13,225,"X0.0...242",61850.952298505
15,225,"X0.0...242",60697.610725847
16,225,"X0.0...242",61595.0232211404
17,225,"X0.0...242",60234.1064052603
19,225,"X0.0...242",62222.0033029583
20,225,"X0.0...242",49022.760850602
24,225,"X0.0...242",59460.6114745797
26,225,"X0.0...242",62219.4637428036
27,225,"X0.0...242",61808.8079407015
2,226,"X5413200.0",87633.3782267299
7,226,"X5413200.0",85660.9806087879
14,226,"X5413200.0",84113.0957427971
16,226,"X5413200.0",86181.2745117286
19,226,"X5413200.0",87159.7467178625
20,226,"X5413200.0",79197.922276396
23,226,"X5413200.0",60229.5901035479
25,226,"X5413200.0",86357.1983670166
25,229,"X8670900.0",21894.6232345576
1,230,"X1790900.0",36089.7134747143
2,230,"X1790900.0",16401.3711813311
3,230,"X1790900.0",8681.06006820111
4,230,"X1790900.0",34567.447548668
5,230,"X1790900.0",29535.9538613408
7,230,"X1790900.0",23436.6601177334
8,230,"X1790900.0",35604.85933298
9,230,"X1790900.0",35714.5161977919
13,230,"X1790900.0",30889.8023331338
14,230,"X1790900.0",28144.9251146536
17,230,"X1790900.0",19905.5483634549
18,230,"X1790900.0",36375.1312555993
22,230,"X1790900.0",35974.2412265219
23,230,"X1790900.0",35153.3470579007
25,230,"X1790900.0",35612.1775731823
26,230,"X1790900.0",32244.4228502069
27,230,"X1790900.0",36252.621890983
28,230,"X1790900.0",10567.3943324023
29,230,"X1790900.0",35389.6975441063
3,232,"X0.0...250",17167.72681453
7,232,"X0.0...250",17041.2173045892
10,232,"X0.0...250",16306.5739556405
11,232,"X0.0...250",16965.0771041627
12,232,"X0.0...250",16650.54632885
13,232,"X0.0...250",16404.9500165344
14,232,"X0.0...250",17085.212745186
15,232,"X0.0...250",16672.3199620211
17,232,"X0.0...250",17158.203677874
23,232,"X0.0...250",14229.8834308907
24,232,"X0.0...250",16517.1302929733
25,232,"X0.0...250",16602.4541536284
29,232,"X0.0...250",16958.1313933497
2,233,"X0.0...251",27399.0854609694
4,233,"X0.0...251",27674.872060327
8,233,"X0.0...251",27240.7817237797
9,233,"X0.0...251",26991.9045180845
11,233,"X0.0...251",27568.0988543128
12,233,"X0.0...251",27081.3977323601
13,233,"X0.0...251",19460.5683273627
15,233,"X0.0...251",27669.015982974
17,233,"X0.0...251",27012.382580656
18,233,"X0.0...251",27194.0775884452
19,233,"X0.0...251",27586.9629223091
22,233,"X0.0...251",27577.1992650132
23,233,"X0.0...251",24950.1086102743
25,233,"X0.0...251",27305.464775938
28,233,"X0.0...251",23702.9729321364
2,234,"X577450.0",652458.031740688
4,234,"X577450.0",548574.144741577
6,234,"X577450.0",553582.423799568
7,234,"X577450.0",546858.471708019
8,234,"X577450.0",526328.287128453
9,234,"X577450.0",516133.89414785
10,234,"X577450.0",551821.169329609
11,234,"X577450.0",552457.268492168
12,234,"X577450.0",460327.261357351
13,234,"X577450.0",484021.175862951
14,234,"X577450.0",550781.99425237
15,234,"X577450.0",451608.590915964
17,234,"X577450.0",551262.378581671
18,234,"X577450.0",525038.933712956
19,234,"X577450.0",551950.185982936
21,234,"X577450.0",549812.819420455
23,234,"X577450.0",551668.763041005
24,234,"X577450.0",550123.12781248
25,234,"X577450.0",541052.293439225
26,234,"X577450.0",552601.577838022
27,234,"X577450.0",522341.967548488
29,234,"X577450.0",546766.393738445
21,236,"X339620.0",14399.2151266451
25,236,"X339620.0",13204.0493440509
11,237,"X886030.0",17790.0718303291
12,237,"X886030.0",17746.5713954415
14,237,"X886030.0",17969.9365521632
19,237,"X886030.0",18452.4155392019
21,237,"X886030.0",18310.4596595964
23,237,"X886030.0",18098.1435482704
25,237,"X886030.0",3061.32246856971
27,237,"X886030.0",18377.5553185605
29,237,"X886030.0",13983.5929356115
1,238,"X0.0...256",749455.414792684
2,238,"X0.0...256",1249405.70895817
3,238,"X0.0...256",1205218.74989243
4,238,"X0.0...256",1205134.0862991
5,238,"X0.0...256",1298136.72193616
6,238,"X0.0...256",1299655.39685538
7,238,"X0.0...256",765788.214587783
11,238,"X0.0...256",1293559.00646954
12,238,"X0.0...256",1293131.92886374
13,238,"X0.0...256",1303484.79200888
14,238,"X0.0...256",977914.809321512
20,238,"X0.0...256",1278965.52510654
22,238,"X0.0...256",1283866.62059591
23,238,"X0.0...256",1312499.2478187
25,238,"X0.0...256",905239.233873575
14,239,"X411380.0",33311.1147915882
25,239,"X411380.0",33153.4575486037
7,240,"X423720.0",64501.2377957077
10,240,"X423720.0",31423.4002736904
12,240,"X423720.0",31914.8131507704
13,240,"X423720.0",62612.5067447592
15,240,"X423720.0",61249.0180065356
19,240,"X423720.0",65166.8449668617
4,241,"X412630.0",22033.9946815774
11,241,"X412630.0",22094.6290083961
13,241,"X412630.0",22399.260122871
18,241,"X412630.0",22124.7636456041
20,241,"X412630.0",22359.1642028394
3,242,"X123460.0",17751.661018401
14,242,"X123460.0",18747.3442833753
13,243,"X502500.0",29653.342931204
21,243,"X502500.0",29798.4867697638
25,243,"X502500.0",23283.3423176359
29,243,"X502500.0",29323.5552199569
14,246,"X4679300.0",247097.241470312
16,246,"X4679300.0",235364.432940628
18,246,"X4679300.0",244680.804885851
19,246,"X4679300.0",206047.304237962
20,246,"X4679300.0",234030.328689563
21,246,"X4679300.0",232627.809056596
27,246,"X4679300.0",233655.876729459
3,248,"X0.0...267",9739.05660835333
4,248,"X0.0...267",16255.5375638722
5,248,"X0.0...267",13686.2002373065
7,248,"X0.0...267",13565.3016719112
8,248,"X0.0...267",11459.4887690584
9,248,"X0.0...267",8132.28133046047
10,248,"X0.0...267",13706.2629334005
11,248,"X0.0...267",10280.6094742126
12,248,"X0.0...267",10926.579087429
14,248,"X0.0...267",13400.5431736211
15,248,"X0.0...267",13701.8579191438
16,248,"X0.0...267",13591.4376043122
18,248,"X0.0...267",13643.0355838577
19,248,"X0.0...267",13596.9941413763
21,248,"X0.0...267",11835.7257178851
22,248,"X0.0...267",10310.5811264847
23,248,"X0.0...267",9315.86476996059
24,248,"X0.0...267",13612.9691611355
25,248,"X0.0...267",13456.55461539
26,248,"X0.0...267",13627.3088921983
29,248,"X0.0...267",12821.2761503162
2,249,"X378770.0",31896.9576966066
3,249,"X378770.0",44954.280568874
5,249,"X378770.0",44137.3786485319
6,249,"X378770.0",55145.7771728595
7,249,"X378770.0",23559.0161005088
8,249,"X378770.0",44882.9255062791
9,249,"X378770.0",43209.783669764
10,249,"X378770.0",27759.2348456643
12,249,"X378770.0",21470.6890313214
13,249,"X378770.0",33661.5680665754
14,249,"X378770.0",27964.301943762
15,249,"X378770.0",44892.5288350286
17,249,"X378770.0",35968.41681321
18,249,"X378770.0",14391.1296229749
20,249,"X378770.0",44882.7131830921
22,249,"X378770.0",30823.2134623396
23,249,"X378770.0",29084.110048552
24,249,"X378770.0",35199.0004793221
25,249,"X378770.0",17388.081733714
26,249,"X378770.0",29935.3930552461
27,249,"X378770.0",44550.0511656314
28,249,"X378770.0",39073.9005953773
29,249,"X378770.0",19996.1705254864
1,250,"X0.0...270",43831.9153635595
4,250,"X0.0...270",50413.1639142336
6,250,"X0.0...270",42540.5884189042
7,250,"X0.0...270",50806.4965453701
9,250,"X0.0...270",39695.5373820009
10,250,"X0.0...270",50234.368856134
11,250,"X0.0...270",41324.572280629
12,250,"X0.0...270",34569.749493274
13,250,"X0.0...270",42830.1435390253
14,250,"X0.0...270",34842.0891461318
15,250,"X0.0...270",50240.6046173861
16,250,"X0.0...270",50157.407240038
18,250,"X0.0...270",50340.9062055916
19,250,"X0.0...270",45556.4078875037
20,250,"X0.0...270",50601.2864166684
21,250,"X0.0...270",34350.4404342334
22,250,"X0.0...270",49376.7481732623
23,250,"X0.0...270",39207.4436573138
24,250,"X0.0...270",50101.1965114352
25,250,"X0.0...270",29168.2696576402
26,250,"X0.0...270",48754.0641279743
27,250,"X0.0...270",34959.3067213072
29,250,"X0.0...270",36844.575433642
3,251,"X340640.0",32946.2056133939
5,251,"X340640.0",32637.5681757148
7,251,"X340640.0",32543.1865513433
9,251,"X340640.0",31835.2541912043
12,251,"X340640.0",32662.283605126
15,251,"X340640.0",33792.9092597686
20,251,"X340640.0",33421.6251628004
23,251,"X340640.0",32271.0943188178
25,251,"X340640.0",10971.5882889353
29,251,"X340640.0",24038.4392343615
2,252,"X0.0...273",89010.3497256306
3,252,"X0.0...273",85473.4253647768
4,252,"X0.0...273",88610.9656040481
5,252,"X0.0...273",87114.7300621503
7,252,"X0.0...273",62426.9330907855
8,252,"X0.0...273",61381.6649854515
9,252,"X0.0...273",74743.8180340696
12,252,"X0.0...273",87831.3924189398
15,252,"X0.0...273",87492.3528584753
16,252,"X0.0...273",87888.7244674746
18,252,"X0.0...273",88455.4696922954
20,252,"X0.0...273",87066.6270147883
21,252,"X0.0...273",89002.831676119
23,252,"X0.0...273",88206.2500062093
24,252,"X0.0...273",87946.8709660678
25,252,"X0.0...273",64226.9071845457
29,252,"X0.0...273",85401.0594614439
4,253,"X288900.0",36275.4450839243
5,253,"X288900.0",37569.5155705632
6,253,"X288900.0",37031.4185454584
14,253,"X288900.0",36550.8256521784
16,253,"X288900.0",36677.3771094275
25,253,"X288900.0",36663.7826014332
26,253,"X288900.0",37014.3257228696
29,253,"X288900.0",36884.9664176684
1,254,"X0.0...275",22047.3072664663
2,254,"X0.0...275",36634.4842530459
4,254,"X0.0...275",37881.8012313111
7,254,"X0.0...275",37976.8515882207
8,254,"X0.0...275",22156.3505588282
11,254,"X0.0...275",38085.9022128084
12,254,"X0.0...275",34020.2758636898
14,254,"X0.0...275",37608.3952985262
16,254,"X0.0...275",37962.0229986743
17,254,"X0.0...275",38200.7820597759
18,254,"X0.0...275",37912.6029203516
20,254,"X0.0...275",38078.0149353119
21,254,"X0.0...275",37796.6963379038
22,254,"X0.0...275",35094.8549211873
23,254,"X0.0...275",37643.1968563942
25,254,"X0.0...275",37447.9455469864
26,254,"X0.0...275",38052.5107730882
27,254,"X0.0...275",32604.8167302221
28,254,"X0.0...275",36697.7489429717
29,254,"X0.0...275",35363.1732031742
1,255,"X0.0...276",30739.9860177347
4,255,"X0.0...276",31484.1581289696
5,255,"X0.0...276",31109.3018591776
6,255,"X0.0...276",27362.8392727372
9,255,"X0.0...276",31521.6808473701
11,255,"X0.0...276",31433.3609515898
12,255,"X0.0...276",19655.5892727509
14,255,"X0.0...276",29048.9777200787
15,255,"X0.0...276",29146.0205829691
17,255,"X0.0...276",30248.5793728002
18,255,"X0.0...276",30677.1414532312
20,255,"X0.0...276",31453.5853561764
22,255,"X0.0...276",31600.9229459822
25,255,"X0.0...276",30371.0689239376
27,255,"X0.0...276",30394.5841281476
28,255,"X0.0...276",30954.5522767854
29,255,"X0.0...276",31122.8207625342
5,256,"X132500.0",60179.7492354609
6,256,"X132500.0",58916.310674654
7,256,"X132500.0",50652.3433148582
8,256,"X132500.0",46292.7884735883
9,256,"X132500.0",26015.2932734341
10,256,"X132500.0",52726.7592994065
11,256,"X132500.0",26330.8863222651
12,256,"X132500.0",31411.2924480683
13,256,"X132500.0",45650.8031774589
14,256,"X132500.0",59194.2398359448
15,256,"X132500.0",58840.895261995
16,256,"X132500.0",59378.115968033
17,256,"X132500.0",58923.8839721948
19,256,"X132500.0",59368.1428008832
20,256,"X132500.0",59745.9962316423
21,256,"X132500.0",30071.4557926918
22,256,"X132500.0",51218.7859956434
23,256,"X132500.0",50756.1874980629
24,256,"X132500.0",59694.837505604
25,256,"X132500.0",13495.6510990413
26,256,"X132500.0",58424.743732467
28,256,"X132500.0",59006.1419343264
29,256,"X132500.0",26787.2176875951
4,257,"X89044.0",36497.4720114587
9,257,"X89044.0",14374.1599582666
12,257,"X89044.0",35603.2012593867
13,257,"X89044.0",14469.3534151011
14,257,"X89044.0",37304.0479009505
15,257,"X89044.0",37395.6041950197
17,257,"X89044.0",37305.7861157429
20,257,"X89044.0",35541.6834189315
21,257,"X89044.0",11810.8421347377
22,257,"X89044.0",34032.7278337657
23,257,"X89044.0",36080.9918847541
25,257,"X89044.0",23447.3752995248
27,257,"X89044.0",35047.2498655671
9,258,"X213660.0",25357.441673473
21,258,"X213660.0",25233.1055251674
23,258,"X213660.0",25230.4356587009
25,258,"X213660.0",10712.9402705992
1,259,"X0.0...282",50942.045542303
3,259,"X0.0...282",53764.1930200087
4,259,"X0.0...282",50564.2209995932
8,259,"X0.0...282",45575.7619174665
9,259,"X0.0...282",30717.8282346387
10,259,"X0.0...282",51370.6283104367
11,259,"X0.0...282",38419.4963085517
12,259,"X0.0...282",32096.6780154243
13,259,"X0.0...282",38554.4961663002
14,259,"X0.0...282",51008.1285020085
15,259,"X0.0...282",42954.1763296445
16,259,"X0.0...282",51270.8952413356
17,259,"X0.0...282",51185.9575580457
18,259,"X0.0...282",51120.8150838405
19,259,"X0.0...282",50757.8431032863
20,259,"X0.0...282",50475.8325019362
21,259,"X0.0...282",35764.6444368821
23,259,"X0.0...282",42300.0988547381
25,259,"X0.0...282",31225.5047759716
26,259,"X0.0...282",51376.5896153346
29,259,"X0.0...282",33100.3355264979
1,260,"X0.0...283",20954.6241730969
2,260,"X0.0...283",20889.7062473611
3,260,"X0.0...283",20721.872453548
4,260,"X0.0...283",20312.0226120984
6,260,"X0.0...283",20508.1385751842
7,260,"X0.0...283",20949.8196837297
8,260,"X0.0...283",18729.6549295879
9,260,"X0.0...283",20814.704254985
10,260,"X0.0...283",17729.4696659329
11,260,"X0.0...283",20481.0641800915
13,260,"X0.0...283",20188.7466701399
14,260,"X0.0...283",21218.4468917615
16,260,"X0.0...283",21236.031628203
19,260,"X0.0...283",20268.6098637589
20,260,"X0.0...283",18336.1348384915
21,260,"X0.0...283",14553.9677203897
22,260,"X0.0...283",21093.5865616579
25,260,"X0.0...283",10504.5340690432
26,260,"X0.0...283",20952.3457863073
29,260,"X0.0...283",9396.14504855731
9,261,"X148300.0",19736.2733066593
13,261,"X148300.0",19679.637106477
18,261,"X148300.0",19679.4991689518
24,261,"X148300.0",19396.9444614019
25,261,"X148300.0",6560.10553420313
27,261,"X148300.0",19570.5862911777
4,262,"X94779.0",24082.7708349026
6,262,"X94779.0",24645.0573505138
7,262,"X94779.0",24395.0054275141
9,262,"X94779.0",24538.5565290597
11,262,"X94779.0",24192.5996514969
13,262,"X94779.0",24054.3383227206
15,262,"X94779.0",24281.0721505259
17,262,"X94779.0",24173.8043424066
19,262,"X94779.0",24367.108484003
23,262,"X94779.0",24221.2890816763
25,262,"X94779.0",11605.1635244836
28,262,"X94779.0",23633.8854748404
1,263,"X89779.0",37843.8507673805
6,263,"X89779.0",37197.355123372
8,263,"X89779.0",38113.1108498406
12,263,"X89779.0",16111.2783513716
14,263,"X89779.0",37376.4467326161
18,263,"X89779.0",37844.1748505796
23,263,"X89779.0",30137.816332092
25,263,"X89779.0",37145.2583241781
27,263,"X89779.0",36380.130071263
29,263,"X89779.0",37610.376501545
1,264,"X8221200.0",1166954.06152707
5,264,"X8221200.0",1153699.3015369
7,264,"X8221200.0",1165248.96078194
12,264,"X8221200.0",1150199.01895469
14,264,"X8221200.0",1168405.10166717
19,264,"X8221200.0",1177447.76622179
22,264,"X8221200.0",1173727.41632412
28,264,"X8221200.0",1132212.04641903
29,264,"X8221200.0",1163951.37067908
2,265,"X0.0...291",196829.852956405
11,265,"X0.0...291",301769.216984116
15,265,"X0.0...291",304555.435646934
19,265,"X0.0...291",304186.797864858
24,265,"X0.0...291",301869.312845207
26,265,"X0.0...291",302812.260940939
28,265,"X0.0...291",180749.56653237
1,267,"X262110.0",25755.7487906006
6,267,"X262110.0",25421.1373242198
7,267,"X262110.0",23914.4716230514
8,267,"X262110.0",25613.5605361443
9,267,"X262110.0",23461.8908483805
10,267,"X262110.0",20426.6352062019
11,267,"X262110.0",24981.2902822743
12,267,"X262110.0",8573.25900434931
13,267,"X262110.0",25456.9004982873
14,267,"X262110.0",18163.3915851747
17,267,"X262110.0",25391.9031858497
19,267,"X262110.0",25284.7159473993
20,267,"X262110.0",25450.3306157414
22,267,"X262110.0",25363.9486143662
23,267,"X262110.0",15447.3109544978
24,267,"X262110.0",25817.3513538645
25,267,"X262110.0",9831.1140464258
27,267,"X262110.0",25203.352711168
4,269,"X202460.0",26870.0745736535
11,269,"X202460.0",28042.9988002083
13,269,"X202460.0",28001.9653118354
15,269,"X202460.0",27892.6870982046
20,269,"X202460.0",27852.6424644101
13,270,"X602810.0",23425.8756118195
29,270,"X602810.0",24161.3897873852
23,271,"X275610.0",66075.6065787064
8,272,"X1335600.0",10244.6136173035
25,272,"X1335600.0",6196.23936318828
29,272,"X1335600.0",10188.6848702574
9,273,"X343050.0",20413.6482898091
12,273,"X343050.0",26750.2835197372
13,273,"X343050.0",26288.5633214389
21,273,"X343050.0",26359.3994091948
25,273,"X343050.0",8386.61125923871
8,274,"X211310.0",101350.256161119
13,274,"X211310.0",99187.7935746297
14,274,"X211310.0",100199.60754312
21,274,"X211310.0",101226.962203419
23,274,"X211310.0",101327.765768129
25,274,"X211310.0",80530.2672208292
27,274,"X211310.0",100744.109676495
29,274,"X211310.0",99933.4920722238
9,279,"X565540.0",7086.77237786101
21,279,"X565540.0",7021.84108152038
9,280,"X186620.0",45979.1512123553
25,280,"X186620.0",20521.1051373916
2,282,"X0.0...309",26182.5412185784
3,282,"X0.0...309",16699.9538408604
5,282,"X0.0...309",25306.1563776175
7,282,"X0.0...309",25050.7923785428
8,282,"X0.0...309",13014.3623852005
9,282,"X0.0...309",25282.0054938444
10,282,"X0.0...309",25849.0198419462
11,282,"X0.0...309",25749.3783213622
12,282,"X0.0...309",25993.9295901718
13,282,"X0.0...309",25927.3381734949
15,282,"X0.0...309",26199.8178961766
16,282,"X0.0...309",21527.411235575
22,282,"X0.0...309",25860.3433287064
23,282,"X0.0...309",24572.8319155741
25,282,"X0.0...309",23781.6079019011
27,282,"X0.0...309",25224.1894198954
29,282,"X0.0...309",25273.7073069834
21,284,"X570090.0",31230.9820234943
26,284,"X570090.0",30932.7226281475
2,285,"X62747.0",28737.888943921
3,285,"X62747.0",28756.7959638601
4,285,"X62747.0",28288.5731066068
5,285,"X62747.0",28433.6130591431
6,285,"X62747.0",28469.3136341511
7,285,"X62747.0",28494.9256726881
11,285,"X62747.0",28731.2934083425
1,286,"X23982.0",36462.2308235539
6,286,"X23982.0",36359.1617811663
7,286,"X23982.0",36194.3464189201
8,286,"X23982.0",28356.0645752125
9,286,"X23982.0",31051.7713611756
10,286,"X23982.0",36446.284078758
11,286,"X23982.0",21100.1089793596
12,286,"X23982.0",19718.2744294848
13,286,"X23982.0",36376.0323493953
16,286,"X23982.0",36202.676468681
18,286,"X23982.0",35702.7836710872
19,286,"X23982.0",35920.6392466673
21,286,"X23982.0",27965.256595853
22,286,"X23982.0",36463.5769035417
23,286,"X23982.0",19411.9245688712
25,286,"X23982.0",17106.0391140233
26,286,"X23982.0",34526.0927253333
27,286,"X23982.0",31591.8570905277
28,286,"X23982.0",36464.9616902971
29,286,"X23982.0",22756.1238902131
5,289,"X267830.0",19329.3757867667
6,289,"X267830.0",7637.68757989493
8,289,"X267830.0",18613.2461185234
10,289,"X267830.0",19579.7731645732
11,289,"X267830.0",19938.5228389404
20,289,"X267830.0",19637.456158321
24,289,"X267830.0",18621.5751297393
26,289,"X267830.0",19190.9849234124
27,289,"X267830.0",19715.2371342858
28,289,"X267830.0",20020.6485955403
29,289,"X267830.0",18672.4110164868
3,290,"X0.0...317",23828.1895360063
4,290,"X0.0...317",22947.379223814
5,290,"X0.0...317",22911.5744402045
6,290,"X0.0...317",24293.9567094635
7,290,"X0.0...317",9671.17703677954
8,290,"X0.0...317",24070.5294600149
9,290,"X0.0...317",11720.0728844906
10,290,"X0.0...317",11553.6780039361
11,290,"X0.0...317",23973.3625552174
12,290,"X0.0...317",17486.5555325892
13,290,"X0.0...317",17364.7312820186
14,290,"X0.0...317",21818.1306356187
17,290,"X0.0...317",27593.9637238307
18,290,"X0.0...317",21567.2627230998
19,290,"X0.0...317",21537.1686160422
20,290,"X0.0...317",19702.1912633993
21,290,"X0.0...317",9694.63643903891
22,290,"X0.0...317",24071.8096760693
23,290,"X0.0...317",10270.0340598732
24,290,"X0.0...317",23837.4954179343
25,290,"X0.0...317",3367.21966731983
27,290,"X0.0...317",19623.7535216046
29,290,"X0.0...317",14382.303330809
9,291,"X214120.0",40077.7756037478
12,291,"X214120.0",40211.9560229259
13,291,"X214120.0",40218.7807862536
21,291,"X214120.0",39586.0330623313
23,291,"X214120.0",33764.0789815954
25,291,"X214120.0",15145.1012118598
29,291,"X214120.0",39902.5022485761
9,292,"X312490.0",34196.7776086651
12,292,"X312490.0",34124.740168471
25,292,"X312490.0",30731.3865475735
26,292,"X312490.0",33875.2135087662
4,293,"X139190.0",18094.4246766051
7,293,"X139190.0",18105.8558507702
8,293,"X139190.0",18022.5279172904
13,293,"X139190.0",18088.8150975103
21,293,"X139190.0",16725.6718889645
25,293,"X139190.0",6908.85274438098
28,293,"X139190.0",17961.9559503338
29,293,"X139190.0",17802.5084305158
3,294,"X105250.0",23891.9921551184
7,294,"X105250.0",23920.3484660594
8,294,"X105250.0",19369.0716908786
9,294,"X105250.0",18998.6559097807
13,294,"X105250.0",24025.3860580977
21,294,"X105250.0",22889.52632278
23,294,"X105250.0",23969.1667310147
25,294,"X105250.0",8660.64081881381
27,294,"X105250.0",24028.5295384225
28,294,"X105250.0",23982.9399720883
4,297,"X448290.0",48139.919893177
8,297,"X448290.0",48193.8277261821
9,297,"X448290.0",47638.5785618704
13,297,"X448290.0",45130.4375718258
21,297,"X448290.0",47387.6372707107
22,297,"X448290.0",48271.7506073036
23,297,"X448290.0",45560.4781671879
25,297,"X448290.0",26659.156799799
28,297,"X448290.0",48060.8220619687
14,298,"X1429600.0",82472.3253096537
10,304,"X2484200.0",39566.9572632439
25,309,"X1708200.0",34904.2775190161
16,311,"X1691400.0",40897.8257963241
25,311,"X1691400.0",35624.0476977353
28,311,"X1691400.0",40103.1692103757
13,314,"X774950.0",91182.4154890689
15,314,"X774950.0",96781.1670273767
21,314,"X774950.0",94892.0010298203
25,314,"X774950.0",41064.2467622865
1,316,"X93787.0",25866.6070037457
3,316,"X93787.0",24885.7776452695
7,316,"X93787.0",25510.743852691
9,316,"X93787.0",20184.6039802765
14,316,"X93787.0",25689.4567814362
15,316,"X93787.0",25682.5927794846
18,316,"X93787.0",24992.6190843019
25,316,"X93787.0",24073.7938134069
6,318,"X48865.0",37247.5767646566
8,318,"X48865.0",38119.8147567057
9,318,"X48865.0",38305.087300666
12,318,"X48865.0",18208.4102902135
18,318,"X48865.0",37781.1015061077
19,318,"X48865.0",37956.5322383027
23,318,"X48865.0",38342.6910513645
25,318,"X48865.0",19995.8393510557
27,318,"X48865.0",37544.6186396118
9,320,"X694010.0",61401.5341804904
23,320,"X694010.0",63989.4111368232
4,324,"X644810.0",12862.0191489071
9,324,"X644810.0",9615.8125685689
13,324,"X644810.0",12203.4962144675
21,324,"X644810.0",12354.3054828434
25,324,"X644810.0",1346.96368092237
29,324,"X644810.0",12649.8066993272
1,326,"X81953.0",19281.6994201197
4,326,"X81953.0",19267.8331989113
8,326,"X81953.0",19383.2723737995
9,326,"X81953.0",18737.6143982502
11,326,"X81953.0",19362.7475196738
13,326,"X81953.0",18600.5767600032
15,326,"X81953.0",19320.7465586528
19,326,"X81953.0",19374.3026632835
21,326,"X81953.0",16535.3137625244
23,326,"X81953.0",15633.9628872229
25,326,"X81953.0",8845.77149998175
27,326,"X81953.0",18731.3368287376
28,326,"X81953.0",19336.7219034518
29,326,"X81953.0",16476.2648242109
3,327,"X4037500.0",628852.169093139
4,327,"X4037500.0",617953.161968828
7,327,"X4037500.0",620408.263319774
8,327,"X4037500.0",588775.544328531
9,327,"X4037500.0",195472.490319072
12,327,"X4037500.0",295576.931817014
13,327,"X4037500.0",629370.156190591
14,327,"X4037500.0",614136.273818678
16,327,"X4037500.0",544109.50371499
17,327,"X4037500.0",598712.185502645
18,327,"X4037500.0",533986.323183914
21,327,"X4037500.0",345708.926688901
22,327,"X4037500.0",631002.879306268
23,327,"X4037500.0",526041.071943046
24,327,"X4037500.0",627162.386519615
25,327,"X4037500.0",66694.5672110938
26,327,"X4037500.0",631856.955083732
27,327,"X4037500.0",486556.019093565
28,327,"X4037500.0",612439.270080223
29,327,"X4037500.0",513048.945412861
1,329,"X776490.0",10832.3549379692
2,329,"X776490.0",19803.0993081618
3,329,"X776490.0",18105.6463891655
4,329,"X776490.0",20039.7804098522
7,329,"X776490.0",20079.1382646037
8,329,"X776490.0",19569.4306373651
9,329,"X776490.0",20135.7229030755
12,329,"X776490.0",19917.0262042904
14,329,"X776490.0",19923.3167946024
16,329,"X776490.0",20122.5020230015
17,329,"X776490.0",19902.7294090411
19,329,"X776490.0",20187.9256822633
21,329,"X776490.0",19731.9248577383
22,329,"X776490.0",20165.5490410011
23,329,"X776490.0",20085.0380948666
24,329,"X776490.0",19390.0188676208
27,329,"X776490.0",19515.533715039
28,329,"X776490.0",18850.6838429501
29,329,"X776490.0",20045.6398712308
1,332,"X0.0...364",89679.5946020057
2,332,"X0.0...364",90480.1479195506
3,332,"X0.0...364",81410.0498623159
4,332,"X0.0...364",90584.7401516377
5,332,"X0.0...364",81437.8167388196
6,332,"X0.0...364",86860.7441044887
8,332,"X0.0...364",83534.0055522476
9,332,"X0.0...364",90421.1138873868
10,332,"X0.0...364",87931.09197393
11,332,"X0.0...364",80260.151952409
12,332,"X0.0...364",88515.6356419697
13,332,"X0.0...364",86600.5467683402
15,332,"X0.0...364",90391.2805315964
16,332,"X0.0...364",68688.1046729355
17,332,"X0.0...364",71095.2394177356
18,332,"X0.0...364",89450.2442311167
22,332,"X0.0...364",58475.1258601232
24,332,"X0.0...364",90035.5800979449
26,332,"X0.0...364",89516.2126634613
27,332,"X0.0...364",90079.3721270542
28,332,"X0.0...364",55776.710965747
29,332,"X0.0...364",90026.5297007865
25,333,"X821070.0",151090.822841255
29,333,"X821070.0",159981.64115606
6,335,"X156010.0",12480.1982237619
7,335,"X156010.0",12411.1436234185
10,335,"X156010.0",12548.1937458747
11,335,"X156010.0",11284.0091994947
12,335,"X156010.0",10672.2068536015
13,335,"X156010.0",12517.1375640256
16,335,"X156010.0",12387.1013342606
21,335,"X156010.0",12485.7389195468
23,335,"X156010.0",12527.8343986702
24,335,"X156010.0",12159.1935812865
25,335,"X156010.0",5942.30072529135
27,335,"X156010.0",12264.3514937959
28,335,"X156010.0",12552.4582581874
1,339,"X0.0...371",34385.9123100561
2,339,"X0.0...371",33809.1317542609
6,339,"X0.0...371",34367.0231736804
9,339,"X0.0...371",33881.3023690529
11,339,"X0.0...371",34509.7371212248
12,339,"X0.0...371",19037.9075321538
13,339,"X0.0...371",33928.4525806158
14,339,"X0.0...371",16534.8445350982
15,339,"X0.0...371",26381.4476290929
16,339,"X0.0...371",13925.5715007321
17,339,"X0.0...371",34445.0077731228
18,339,"X0.0...371",32999.8839029622
19,339,"X0.0...371",27823.5930360419
20,339,"X0.0...371",32490.4807774216
22,339,"X0.0...371",34356.4387156386
24,339,"X0.0...371",34445.6020440087
25,339,"X0.0...371",22602.8987776971
26,339,"X0.0...371",31044.677325368
27,339,"X0.0...371",29148.8210557128
28,339,"X0.0...371",34439.4498421626
29,339,"X0.0...371",34337.0569147452
1,340,"X59784.0",51194.8460322593
3,340,"X59784.0",51226.6951762174
5,340,"X59784.0",51226.2141636617
7,340,"X59784.0",38093.9462474042
8,340,"X59784.0",37850.0465097439
9,340,"X59784.0",35287.9522748852
10,340,"X59784.0",51198.1608910161
11,340,"X59784.0",39315.6185489335
12,340,"X59784.0",24326.2685505614
13,340,"X59784.0",50681.5589632592
14,340,"X59784.0",50910.1416122513
15,340,"X59784.0",50027.04722043
16,340,"X59784.0",39273.7554153505
17,340,"X59784.0",59044.6046947417
18,340,"X59784.0",49026.1611131943
19,340,"X59784.0",50959.4026633318
21,340,"X59784.0",50521.9660316482
22,340,"X59784.0",51256.4803893483
23,340,"X59784.0",25246.5189566572
25,340,"X59784.0",43523.7840732102
27,340,"X59784.0",51092.377223376
9,341,"X377910.0",41439.5084849755
13,341,"X377910.0",38195.6033294906
25,341,"X377910.0",25329.1021500365
25,343,"X1564500.0",64623.5826959097
21,344,"X2184300.0",80402.7339243643
25,344,"X2184300.0",74844.9458208249
1,346,"X0.0...379",38333.9478173988
5,346,"X0.0...379",37866.0371216241
7,346,"X0.0...379",38139.6562198993
8,346,"X0.0...379",32982.9935209255
10,346,"X0.0...379",37643.6172185242
11,346,"X0.0...379",20681.8531800185
13,346,"X0.0...379",38016.1923451731
15,346,"X0.0...379",37316.6833108647
21,346,"X0.0...379",36464.8466700434
23,346,"X0.0...379",38371.9974129476
28,346,"X0.0...379",34555.4030029733
29,346,"X0.0...379",35669.5839081701
14,347,"X2361600.0",38112.892832118
25,347,"X2361600.0",18378.7590581285
1,349,"X175260.0",37677.8213232651
2,349,"X175260.0",37534.3427372704
3,349,"X175260.0",33323.9887157403
4,349,"X175260.0",37597.6247802135
5,349,"X175260.0",37668.5672018879
7,349,"X175260.0",33102.3942654821
8,349,"X175260.0",37652.7874872664
9,349,"X175260.0",33370.685230924
10,349,"X175260.0",30837.2228335201
11,349,"X175260.0",37593.6334927291
12,349,"X175260.0",36958.8065331332
13,349,"X175260.0",30263.4842845771
15,349,"X175260.0",37015.959447292
17,349,"X175260.0",36706.8842548097
19,349,"X175260.0",37343.4959325737
21,349,"X175260.0",37374.0479185702
22,349,"X175260.0",37575.7515935303
23,349,"X175260.0",31708.9113162717
25,349,"X175260.0",30402.5170358838
26,349,"X175260.0",37184.3807899948
27,349,"X175260.0",37598.7214362791
28,349,"X175260.0",37573.4065260937
29,349,"X175260.0",36185.5152740047
2,350,"X0.0...383",23251.6590326307
4,350,"X0.0...383",23230.4195661151
5,350,"X0.0...383",23064.2724550603
6,350,"X0.0...383",19921.9118659206
8,350,"X0.0...383",22076.9176681102
9,350,"X0.0...383",22883.1642198335
11,350,"X0.0...383",23317.7781904062
12,350,"X0.0...383",23106.5787154116
14,350,"X0.0...383",21468.5982588143
16,350,"X0.0...383",23326.3035569485
19,350,"X0.0...383",22827.2593666652
20,350,"X0.0...383",23277.188583617
21,350,"X0.0...383",23149.0044231808
22,350,"X0.0...383",23308.9790401061
23,350,"X0.0...383",23289.9699796687
25,350,"X0.0...383",18832.9749825352
29,350,"X0.0...383",23347.4200403251
21,351,"X337790.0",63147.5704430701
23,351,"X337790.0",62169.2775641913
25,351,"X337790.0",29177.5535529985
29,351,"X337790.0",49775.1839262476
25,353,"X660000.0",19550.6682815646
1,354,"X496750.0",17462.4572041471
3,354,"X496750.0",17574.1917998267
9,354,"X496750.0",16420.9646485491
10,354,"X496750.0",16796.3091947472
12,354,"X496750.0",16702.858321129
14,354,"X496750.0",16946.0116133528
18,354,"X496750.0",17065.2547094775
20,354,"X496750.0",14950.2468723144
23,354,"X496750.0",14243.2911685254
25,354,"X496750.0",15148.4658002601
27,354,"X496750.0",16307.7681270238
29,354,"X496750.0",17089.138400789
25,357,"X625390.0",15131.7466202259
1,358,"X0.0...392",23850.1057078775
4,358,"X0.0...392",18060.6127540128
6,358,"X0.0...392",21334.3433483175
7,358,"X0.0...392",20203.0746671561
8,358,"X0.0...392",24464.1809431632
9,358,"X0.0...392",23966.3070194363
15,358,"X0.0...392",24392.1508390272
20,358,"X0.0...392",24448.0913981486
3,359,"X90305.0",21767.2929189479
4,359,"X90305.0",21544.3514665595
7,359,"X90305.0",21091.0955367852
8,359,"X90305.0",20763.3241443686
9,359,"X90305.0",11612.1188459311
11,359,"X90305.0",20925.0579864379
13,359,"X90305.0",19999.204464773
21,359,"X90305.0",19257.3276947431
25,359,"X90305.0",4518.08521637117
25,360,"X1832200.0",55463.5222203604
9,361,"X555870.0",32935.3091075159
12,361,"X555870.0",33495.7346607657
13,361,"X555870.0",34629.0196736097
17,362,"X292070.0",19339.6066922307
21,362,"X292070.0",20047.8150305681
25,362,"X292070.0",20314.0505962675
23,363,"X4412800.0",26724.6139130913
4,364,"X393530.0",28130.5479294729
25,364,"X393530.0",12040.3339406488
3,367,"X100670.0",11795.144929343
6,367,"X100670.0",11860.9463276933
9,367,"X100670.0",11588.4487059874
11,367,"X100670.0",12145.0997485568
12,367,"X100670.0",11958.3263179987
15,367,"X100670.0",11924.1851716965
16,367,"X100670.0",6487.1886290147
17,367,"X100670.0",11383.4952239771
20,367,"X100670.0",12028.2180351474
21,367,"X100670.0",12206.6164713725
22,367,"X100670.0",12061.3144315314
25,367,"X100670.0",11831.6802240026
27,367,"X100670.0",12135.8484423064
28,367,"X100670.0",12205.7043812477
9,368,"X691810.0",15152.7370502781
13,370,"X123140.0",10284.6800802208
17,370,"X123140.0",10267.1284245905
21,370,"X123140.0",10279.5794454164
7,372,"X246140.0",21429.3727717452
9,372,"X246140.0",20705.4323191047
12,372,"X246140.0",20981.2758741924
14,372,"X246140.0",21150.9607565225
21,372,"X246140.0",21472.5880798883
25,372,"X246140.0",7610.51431341042
29,372,"X246140.0",19286.0728577513
3,373,"X102840.0",22267.0697654002
7,373,"X102840.0",17112.0901163669
8,373,"X102840.0",22266.62261411
9,373,"X102840.0",22194.2084960327
21,373,"X102840.0",20950.4203607334
23,373,"X102840.0",21331.5560081721
25,373,"X102840.0",4114.37755712617
28,373,"X102840.0",21973.7041817023
1,377,"X254230.0",24125.5541705532
9,377,"X254230.0",25140.701394353
12,377,"X254230.0",10179.7295154063
14,377,"X254230.0",23043.3238957811
25,377,"X254230.0",12063.9714752813
27,377,"X254230.0",25484.83487812
3,380,"X84048.0",41953.7549448608
5,380,"X84048.0",41152.6516995287
7,380,"X84048.0",36572.0013856278
8,380,"X84048.0",40035.6206173105
9,380,"X84048.0",41531.2947863954
10,380,"X84048.0",41502.8346763666
11,380,"X84048.0",41787.8817376094
13,380,"X84048.0",40920.7499584794
14,380,"X84048.0",41944.7714065732
15,380,"X84048.0",41580.0363609731
21,380,"X84048.0",41848.7845659404
23,380,"X84048.0",40514.4585513106
25,380,"X84048.0",27566.9186537766
27,380,"X84048.0",41916.3542785888
29,380,"X84048.0",38713.6086986924
1,382,"X8269600.0",50400.6854843649
16,382,"X8269600.0",50571.3495436944
19,382,"X8269600.0",49552.1795738563
21,382,"X8269600.0",52735.8787275451
27,382,"X8269600.0",50770.7703561217
17,386,"X171040.0",39690.2666057448
25,386,"X171040.0",40374.4307798871
28,386,"X171040.0",40028.4826974234
3,387,"X2390000.0",100261.161071057
27,387,"X2390000.0",98288.4978194997
29,387,"X2390000.0",100140.248595185
4,388,"X414930.0",31762.3014744008
9,388,"X414930.0",32832.7220861763
17,388,"X414930.0",31260.1375986823
21,388,"X414930.0",31021.3875107439
26,388,"X414930.0",30647.355805106
10,389,"X408540.0",47127.0569515898
12,389,"X408540.0",48290.3642044718
14,389,"X408540.0",43237.9863041703
15,389,"X408540.0",48505.8013875916
17,389,"X408540.0",48480.0117606775
18,389,"X408540.0",47684.492893718
20,389,"X408540.0",48228.2688470213
23,389,"X408540.0",49413.3517433936
25,389,"X408540.0",46921.3448251464
26,389,"X408540.0",49245.1880908189
29,389,"X408540.0",46749.9358314615
4,391,"X48299.0",18352.2801974655
8,391,"X48299.0",17162.4675556791
9,391,"X48299.0",14170.4819841196
11,391,"X48299.0",18349.4140281178
12,391,"X48299.0",14568.4020378854
13,391,"X48299.0",18079.1125673401
16,391,"X48299.0",15398.6157626218
17,391,"X48299.0",18348.1043732644
18,391,"X48299.0",17338.7091061539
20,391,"X48299.0",18304.966198639
21,391,"X48299.0",14223.0545317336
22,391,"X48299.0",18175.9890987164
23,391,"X48299.0",13398.8348206159
25,391,"X48299.0",7417.88328272949
26,391,"X48299.0",18211.5526436027
27,391,"X48299.0",18062.4994390329
28,391,"X48299.0",18197.0840829627
29,391,"X48299.0",16603.1282818922
23,392,"X375090.0",55569.1980982818
25,392,"X375090.0",35613.8758921441
9,395,"X1229600.0",26949.2314847897
25,395,"X1229600.0",8372.27816268619
5,397,"X287660.0",43591.5098583282
9,397,"X287660.0",43753.3990812255
12,397,"X287660.0",41760.4749982727
13,397,"X287660.0",30418.0086062554
18,397,"X287660.0",42304.0827182821
23,397,"X287660.0",42748.334684269
26,397,"X287660.0",43732.7350750767
1,398,"X0.0...439",23553.3210107611
3,398,"X0.0...439",24053.9975105604
4,398,"X0.0...439",24016.276913597
5,398,"X0.0...439",24006.4797779892
7,398,"X0.0...439",16028.5394864427
8,398,"X0.0...439",18495.8733941416
9,398,"X0.0...439",13378.7432868667
12,398,"X0.0...439",24017.5983938668
13,398,"X0.0...439",23683.2759909184
14,398,"X0.0...439",18473.9125017523
15,398,"X0.0...439",24057.7337700021
18,398,"X0.0...439",22994.7261561028
21,398,"X0.0...439",22941.3750054453
23,398,"X0.0...439",14786.3181753447
25,398,"X0.0...439",9510.15450004498
29,398,"X0.0...439",16364.9664105983
8,399,"X599560.0",42360.176474851
13,399,"X599560.0",42366.1775920897
23,399,"X599560.0",41903.8786802955
25,399,"X599560.0",25217.0065868443
29,399,"X599560.0",41241.8318808175
9,400,"X213470.0",29670.1622262187
13,400,"X213470.0",29328.0207410831
25,400,"X213470.0",29746.0417456866
1,403,"X84069.0",14372.9412265312
2,403,"X84069.0",14390.8029433818
9,403,"X84069.0",14369.7424097793
12,403,"X84069.0",14025.3526459449
13,403,"X84069.0",14035.9171117614
19,403,"X84069.0",14407.9576182034
20,403,"X84069.0",14084.0762830812
23,403,"X84069.0",14005.9549127866
24,403,"X84069.0",14318.0624653919
25,403,"X84069.0",4228.56865067275
27,403,"X84069.0",14283.9237160737
28,403,"X84069.0",14340.5090383906
29,403,"X84069.0",5282.97807815325
25,404,"X328460.0",25311.0320245571
28,404,"X328460.0",29498.3241496045
8,405,"X2.368E7",360705.8488166
10,405,"X2.368E7",347335.937301853
11,405,"X2.368E7",359191.98662712
12,405,"X2.368E7",362091.013604124
13,405,"X2.368E7",362257.113285506
17,405,"X2.368E7",347856.4247474
18,405,"X2.368E7",335575.772919042
23,405,"X2.368E7",362985.60739374
27,405,"X2.368E7",356898.297634787
28,405,"X2.368E7",349029.526581594
20,406,"X212480.0",37432.3792604542
27,406,"X212480.0",34727.9218460769
14,407,"X208750.0",52720.9211140338
15,407,"X208750.0",49529.7606329034
19,407,"X208750.0",50406.6860586272
25,407,"X208750.0",52078.5187886113
27,407,"X208750.0",52233.2224461071
4,409,"X611920.0",14099.7965404943
9,409,"X611920.0",13593.8935166261
11,409,"X611920.0",14217.6563648147
13,409,"X611920.0",13925.6154635125
25,409,"X611920.0",4958.12126366127
8,410,"X949870.0",12999.1042624314
13,410,"X949870.0",12932.0253914177
25,410,"X949870.0",13246.0876544653
29,410,"X949870.0",12755.0631133743
1,411,"X51974.0",18689.7889387287
3,411,"X51974.0",19910.5193651354
5,411,"X51974.0",19098.5065710197
6,411,"X51974.0",19318.0402545808
7,411,"X51974.0",20277.6920703652
9,411,"X51974.0",19483.8014622541
11,411,"X51974.0",19944.9807705491
12,411,"X51974.0",19251.5809057419
16,411,"X51974.0",19240.2747951113
18,411,"X51974.0",19711.8089204254
20,411,"X51974.0",19905.4999017098
22,411,"X51974.0",19831.2911298436
23,411,"X51974.0",19738.4374857457
25,411,"X51974.0",11903.7100294811
26,411,"X51974.0",19745.3325041658
27,411,"X51974.0",19255.304970906
28,411,"X51974.0",19943.368265081
29,411,"X51974.0",19614.3422011312
7,412,"X199270.0",75515.3889354914
9,412,"X199270.0",72312.1880189829
11,412,"X199270.0",74017.6679359225
12,412,"X199270.0",50352.3465893432
14,412,"X199270.0",74004.875642927
18,412,"X199270.0",75847.3289277051
23,412,"X199270.0",49722.5564720069
25,412,"X199270.0",63346.2947837673
5,413,"X471710.0",26263.8623943199
7,413,"X471710.0",25210.4847102626
8,413,"X471710.0",25621.0114256581
27,413,"X471710.0",26257.0804666496
28,413,"X471710.0",22426.5462090659
3,415,"X89634.0",17593.4232852788
4,415,"X89634.0",17315.14446689
5,415,"X89634.0",17563.9082271043
7,415,"X89634.0",17410.6940193372
8,415,"X89634.0",13996.1506905345
9,415,"X89634.0",13501.0189461484
13,415,"X89634.0",17008.3307270256
14,415,"X89634.0",17451.3931956103
18,415,"X89634.0",17898.9731833985
21,415,"X89634.0",17141.0392607639
23,415,"X89634.0",17486.8431996643
25,415,"X89634.0",5313.68328777169
27,415,"X89634.0",16843.3756997797
29,415,"X89634.0",16710.935250286
9,416,"X177910.0",24480.8986201717
12,416,"X177910.0",24131.6977287888
13,416,"X177910.0",24511.9611208166
23,416,"X177910.0",14210.829082361
25,416,"X177910.0",4944.60505361765
28,416,"X177910.0",24269.9875600638
29,416,"X177910.0",18263.0259544738
13,417,"X961980.0",13304.5379399568
21,417,"X961980.0",12674.7581772476
25,417,"X961980.0",11434.2769136527
5,418,"X0.0...462",17999.5005487218
7,418,"X0.0...462",17971.4008462867
8,418,"X0.0...462",14284.169041386
9,418,"X0.0...462",17796.2522018086
10,418,"X0.0...462",17205.586124168
11,418,"X0.0...462",17845.7005867209
13,418,"X0.0...462",17658.1317618309
18,418,"X0.0...462",18040.840287765
22,418,"X0.0...462",17428.9767429633
23,418,"X0.0...462",7482.95962277288
25,418,"X0.0...462",3935.13654670592
27,418,"X0.0...462",17564.4825547608
28,418,"X0.0...462",17417.884362223
12,421,"X0.0...465",33119.1761830637
18,421,"X0.0...465",33387.5657350266
23,422,"X686080.0",35096.6658130288
25,422,"X686080.0",24655.2133930623
8,423,"X37781.0",31060.7051058784
11,423,"X37781.0",31683.3096839264
12,423,"X37781.0",31938.9545213012
21,423,"X37781.0",32083.5228378856
23,423,"X37781.0",20450.6793890349
25,423,"X37781.0",23526.5018757102
1,424,"X861250.0",22455.9874564104
9,424,"X861250.0",22277.4384563323
11,424,"X861250.0",22653.4613342095
14,424,"X861250.0",22346.6103073105
4,425,"X106930.0",22580.2367426483
6,425,"X106930.0",22449.4996300983
8,425,"X106930.0",22694.923910055
10,425,"X106930.0",22711.5248170117
11,425,"X106930.0",18228.5391010416
12,425,"X106930.0",22645.2598063589
13,425,"X106930.0",22174.0489342021
15,425,"X106930.0",17334.2640788373
16,425,"X106930.0",22821.6918499551
17,425,"X106930.0",22059.6196026354
18,425,"X106930.0",21120.6630261518
19,425,"X106930.0",22679.6478620737
20,425,"X106930.0",22791.3596669422
21,425,"X106930.0",22367.8221049777
25,425,"X106930.0",22571.9458721323
26,425,"X106930.0",22558.1717495096
27,425,"X106930.0",22292.1422556408
29,425,"X106930.0",22540.9688693356
1,427,"X0.0...471",23869.792164935
3,427,"X0.0...471",23919.6378810453
5,427,"X0.0...471",23680.5315172772
8,427,"X0.0...471",21470.0696779912
9,427,"X0.0...471",23078.7871853217
10,427,"X0.0...471",23993.5240719113
11,427,"X0.0...471",23688.5126068695
12,427,"X0.0...471",12522.1767460005
14,427,"X0.0...471",23683.4376502908
16,427,"X0.0...471",24085.1527024511
17,427,"X0.0...471",23885.4560454309
18,427,"X0.0...471",23821.9637467442
19,427,"X0.0...471",23853.4509961906
21,427,"X0.0...471",23995.0241406219
22,427,"X0.0...471",23766.4865832683
23,427,"X0.0...471",17112.0991363831
25,427,"X0.0...471",16591.3155944047
27,427,"X0.0...471",24022.784599029
1,430,"X0.0...475",28115.5833005759
3,430,"X0.0...475",27505.4388481551
5,430,"X0.0...475",28125.1215354555
6,430,"X0.0...475",28156.510127469
7,430,"X0.0...475",27924.0429260821
9,430,"X0.0...475",15503.5451768971
11,430,"X0.0...475",22509.4932553037
12,430,"X0.0...475",9729.72724565515
14,430,"X0.0...475",25287.9148825028
15,430,"X0.0...475",28184.2304145966
16,430,"X0.0...475",23546.6863842381
17,430,"X0.0...475",28830.4219208579
18,430,"X0.0...475",26567.5222685602
19,430,"X0.0...475",28180.5535317273
21,430,"X0.0...475",23145.4803589824
22,430,"X0.0...475",19731.120531762
23,430,"X0.0...475",18196.4453668262
25,430,"X0.0...475",9942.13875427523
26,430,"X0.0...475",28132.4005067756
27,430,"X0.0...475",23296.7428140035
28,430,"X0.0...475",28054.290258917
29,430,"X0.0...475",14311.0759965994
25,432,"X7852000.0",64298.0286658458
2,433,"X0.0...478",24893.7765533998
5,433,"X0.0...478",24695.4769064937
6,433,"X0.0...478",25206.5904762245
7,433,"X0.0...478",23230.8516750237
8,433,"X0.0...478",25145.5749317847
14,433,"X0.0...478",24950.6848532943
18,433,"X0.0...478",25333.1383211473
22,433,"X0.0...478",25025.5165447369
23,433,"X0.0...478",25085.2713000121
25,433,"X0.0...478",21741.182213703
29,433,"X0.0...478",25419.7842637028
16,435,"X3395500.0",780665.528535095
25,435,"X3395500.0",761344.097388551
7,436,"X239810.0",24605.7841471088
9,436,"X239810.0",24962.6541970045
12,436,"X239810.0",24707.6146673543
19,436,"X239810.0",24956.0666835054
2,437,"X2.3682E7",40937.8838089874
28,437,"X2.3682E7",38387.150219326
4,438,"X281590.0",30869.534933626
9,438,"X281590.0",19100.9104541571
10,438,"X281590.0",30734.3348989586
12,438,"X281590.0",29841.8396653939
13,438,"X281590.0",19995.0173767406
16,438,"X281590.0",30626.4610581326
18,438,"X281590.0",30551.5153637337
21,438,"X281590.0",24008.6170968074
23,438,"X281590.0",30401.2745531421
25,438,"X281590.0",12629.9014745484
29,438,"X281590.0",24320.5882707004
11,440,"X258780.0",82378.1302077666
1,442,"X0.0...487",35168.9243898515
7,442,"X0.0...487",36379.7844104215
9,442,"X0.0...487",24468.9892412538
11,442,"X0.0...487",34155.0744740651
12,442,"X0.0...487",19913.2605958009
13,442,"X0.0...487",36044.2153908616
14,442,"X0.0...487",28789.3274839506
15,442,"X0.0...487",35700.0459643076
16,442,"X0.0...487",35970.2197118085
18,442,"X0.0...487",35474.0592040113
19,442,"X0.0...487",34811.209672254
20,442,"X0.0...487",34294.1362980825
23,442,"X0.0...487",26868.312323883
25,442,"X0.0...487",12455.5668249401
26,442,"X0.0...487",35116.578348937
27,442,"X0.0...487",35581.7402804349
2,444,"X0.0...489",13002.5400192204
5,444,"X0.0...489",12869.4662399785
7,444,"X0.0...489",12844.5950744219
8,444,"X0.0...489",12896.1850524552
10,444,"X0.0...489",13298.3783314716
11,444,"X0.0...489",12913.3684080708
12,444,"X0.0...489",13234.4632789637
13,444,"X0.0...489",12904.0759606543
14,444,"X0.0...489",13016.7008772822
22,444,"X0.0...489",13125.4734553522
23,444,"X0.0...489",9765.85000745357
24,444,"X0.0...489",13290.5330863117
25,444,"X0.0...489",12188.3984155961
26,444,"X0.0...489",13208.790629904
29,444,"X0.0...489",13294.583099613
4,445,"X0.0...490",46679.654644902
5,445,"X0.0...490",47852.2589770687
6,445,"X0.0...490",47140.5784775922
7,445,"X0.0...490",46423.6885654355
8,445,"X0.0...490",47846.0608128665
9,445,"X0.0...490",46648.5131086851
10,445,"X0.0...490",46951.9938319498
11,445,"X0.0...490",42708.9404385109
12,445,"X0.0...490",43948.800408779
21,445,"X0.0...490",47309.6267101843
23,445,"X0.0...490",47938.5335294491
25,445,"X0.0...490",45452.4027639203
8,446,"X3313500.0",26694.3319137173
13,446,"X3313500.0",23590.2983502977
9,447,"X159130.0",40719.3371274741
11,447,"X159130.0",43889.1501331824
12,447,"X159130.0",23155.850411954
16,447,"X159130.0",44730.7442710753
18,447,"X159130.0",44501.6104732903
23,447,"X159130.0",38872.8020288278
25,447,"X159130.0",23770.3095388548
1,449,"X137290.0",33585.4922493545
3,449,"X137290.0",31959.3757577208
5,449,"X137290.0",32804.9505565411
23,449,"X137290.0",29986.5141421
24,449,"X137290.0",33147.1064360557
25,449,"X137290.0",26838.0889469196
25,450,"X121770.0",18543.0593644171
4,451,"X248690.0",10170.8867716761
9,451,"X248690.0",10225.9185233916
21,451,"X248690.0",9986.01570336209
25,451,"X248690.0",5326.62461699887
1,452,"X0.0...498",18614.8515685046
6,452,"X0.0...498",19887.7750413989
7,452,"X0.0...498",18452.3923627324
8,452,"X0.0...498",14936.1169124983
9,452,"X0.0...498",13550.1895831238
12,452,"X0.0...498",12213.6568502538
13,452,"X0.0...498",18488.3704490625
18,452,"X0.0...498",18670.9371357631
21,452,"X0.0...498",18486.8893835331
23,452,"X0.0...498",11657.5319516226
25,452,"X0.0...498",3438.00445103749
27,452,"X0.0...498",17769.5439927566
29,452,"X0.0...498",15061.8685558535
21,453,"X3483100.0",126195.962812583
22,453,"X3483100.0",126499.278889301
26,455,"X543660.0",82264.4550963465
1,456,"X0.0...502",23933.6769112421
2,456,"X0.0...502",29857.5569028763
5,456,"X0.0...502",29760.4141488372
6,456,"X0.0...502",24683.5024075151
7,456,"X0.0...502",29732.5930973113
9,456,"X0.0...502",24854.4157558474
10,456,"X0.0...502",29437.2367341652
11,456,"X0.0...502",25140.5307587897
12,456,"X0.0...502",13645.8689921867
13,456,"X0.0...502",25265.9748023756
14,456,"X0.0...502",18977.2595280572
15,456,"X0.0...502",29725.0276851994
16,456,"X0.0...502",29429.8666143703
17,456,"X0.0...502",29798.9020346436
18,456,"X0.0...502",20897.8545709142
21,456,"X0.0...502",28126.5820281898
22,456,"X0.0...502",21168.5667989478
23,456,"X0.0...502",19115.1253860524
25,456,"X0.0...502",17877.3812432866
26,456,"X0.0...502",28301.4404704608
27,456,"X0.0...502",29772.4670355299
29,456,"X0.0...502",22725.8910199726
8,457,"X1410800.0",29604.6393517513
11,457,"X1410800.0",32686.414370102
12,457,"X1410800.0",11367.3331202987
18,457,"X1410800.0",32994.2626892021
23,457,"X1410800.0",29583.2152438788
8,458,"X363110.0",102853.016454004
15,458,"X363110.0",101282.502391293
16,458,"X363110.0",102553.392536371
18,458,"X363110.0",103150.769162117
19,458,"X363110.0",98972.5985276296
23,458,"X363110.0",99010.9431988217
24,458,"X363110.0",94220.9996058525
25,458,"X363110.0",103743.619827761
26,458,"X363110.0",102828.751134437
27,458,"X363110.0",87630.502253627
28,458,"X363110.0",73235.8394617766
29,458,"X363110.0",85490.0446822227
1,460,"X0.0...508",39633.9821115135
2,460,"X0.0...508",39323.0826252496
3,460,"X0.0...508",39425.2008144664
5,460,"X0.0...508",38494.2640475686
7,460,"X0.0...508",39290.5636982171
10,460,"X0.0...508",34354.8827862125
11,460,"X0.0...508",37751.6937926868
14,460,"X0.0...508",32388.4464092501
15,460,"X0.0...508",36982.9114328337
18,460,"X0.0...508",39125.4607362285
19,460,"X0.0...508",33547.8223239748
20,460,"X0.0...508",34340.7931963075
21,460,"X0.0...508",39672.2986216736
23,460,"X0.0...508",16346.3778888936
25,460,"X0.0...508",39730.7400176754
29,460,"X0.0...508",38428.8658372232
5,461,"X2756400.0",12632.3158434706
8,461,"X2756400.0",13238.5374043573
10,461,"X2756400.0",12038.9679746659
12,461,"X2756400.0",13250.3190461153
17,461,"X2756400.0",13031.0667812389
19,461,"X2756400.0",12214.7152078013
20,461,"X2756400.0",13259.5080661009
23,461,"X2756400.0",7822.7895622322
25,461,"X2756400.0",1175.21558179535
27,461,"X2756400.0",12925.8910496798
28,461,"X2756400.0",12970.2133782611
29,461,"X2756400.0",7960.67541377463
1,462,"X2.039E7",12878.765356277
2,462,"X2.039E7",12204.8186113122
3,462,"X2.039E7",4180.05538948546
5,462,"X2.039E7",12741.5333962722
7,462,"X2.039E7",12274.9835374097
8,462,"X2.039E7",12428.7355494124
9,462,"X2.039E7",12492.9273418649
10,462,"X2.039E7",3522.41772185511
11,462,"X2.039E7",12799.2317883119
12,462,"X2.039E7",2721.94393540565
13,462,"X2.039E7",12604.1886237935
15,462,"X2.039E7",12907.2981165763
17,462,"X2.039E7",12916.0764862239
18,462,"X2.039E7",2565.6270553276
20,462,"X2.039E7",12765.7725970882
22,462,"X2.039E7",12231.3977735079
23,462,"X2.039E7",2903.95114926796
24,462,"X2.039E7",12575.1139402444
25,462,"X2.039E7",11088.5925263299
26,462,"X2.039E7",12877.9924529138
27,462,"X2.039E7",12866.7515677542
29,462,"X2.039E7",11776.3857802142
9,465,"X209170.0",23383.415453207
25,465,"X209170.0",15594.0921071467
11,466,"X110010.0",30420.8002320332
2,467,"X0.0...517",23706.6063680656
3,467,"X0.0...517",23725.6412566471
5,467,"X0.0...517",23453.5744535044
6,467,"X0.0...517",23996.6932414598
9,467,"X0.0...517",18927.3509906134
11,467,"X0.0...517",23765.4276056418
12,467,"X0.0...517",12494.0753360237
13,467,"X0.0...517",23915.516466824
18,467,"X0.0...517",23393.4361761321
19,467,"X0.0...517",23861.2341649873
22,467,"X0.0...517",16093.9090156565
23,467,"X0.0...517",23534.0878336386
24,467,"X0.0...517",23720.3328999933
25,467,"X0.0...517",18792.3875385498
26,467,"X0.0...517",21863.8136974441
27,467,"X0.0...517",17887.9118038683
28,467,"X0.0...517",23258.0168268414
29,467,"X0.0...517",23070.2820009794
1,468,"X0.0...518",22351.5516282073
5,468,"X0.0...518",22461.7043290941
8,468,"X0.0...518",22359.312279968
9,468,"X0.0...518",19829.5801159939
11,468,"X0.0...518",20266.032694523
12,468,"X0.0...518",16701.8006063571
13,468,"X0.0...518",21978.6494776856
18,468,"X0.0...518",21476.0196018909
20,468,"X0.0...518",22561.9397915749
23,468,"X0.0...518",15682.7103930277
24,468,"X0.0...518",21897.7579094044
25,468,"X0.0...518",11606.4696516361
26,468,"X0.0...518",21248.1102499239
27,468,"X0.0...518",22466.5595320826
29,468,"X0.0...518",19296.8476901857
1,469,"X0.0...519",74400.4062807987
5,469,"X0.0...519",74490.1543275278
8,469,"X0.0...519",73572.430846866
11,469,"X0.0...519",64765.6493221181
12,469,"X0.0...519",73427.5366870583
21,469,"X0.0...519",73361.4891368626
3,470,"X2612600.0",38270.6525200148
4,470,"X2612600.0",38637.6591523122
5,470,"X2612600.0",38149.047549108
9,470,"X2612600.0",37866.9710227013
10,470,"X2612600.0",38558.1198128619
13,470,"X2612600.0",38361.1288894089
18,470,"X2612600.0",38578.6239735215
19,470,"X2612600.0",32718.3733991198
20,470,"X2612600.0",38258.0907088809
21,470,"X2612600.0",36858.2580398379
22,470,"X2612600.0",36546.5243203715
23,470,"X2612600.0",38767.6098672437
25,470,"X2612600.0",35991.1962568207
27,470,"X2612600.0",37933.1381981275
29,470,"X2612600.0",35271.4764861301
1,471,"X0.0...521",11905.423430868
2,471,"X0.0...521",12757.2912531829
4,471,"X0.0...521",12914.5480821763
5,471,"X0.0...521",12806.3862917427
6,471,"X0.0...521",12549.6215679402
9,471,"X0.0...521",12793.7272553497
11,471,"X0.0...521",12244.6765778681
12,471,"X0.0...521",9666.95647001467
13,471,"X0.0...521",12004.784976061
14,471,"X0.0...521",8546.56863512154
18,471,"X0.0...521",12559.0301930208
21,471,"X0.0...521",12564.5869325121
22,471,"X0.0...521",12815.2504702391
23,471,"X0.0...521",11271.9571515779
26,471,"X0.0...521",10425.4470310147
27,471,"X0.0...521",12463.8058927488
29,471,"X0.0...521",12891.2706292547
1,474,"X0.0...524",31932.5384893166
10,474,"X0.0...524",34337.4789500469
11,474,"X0.0...524",32822.8386517487
23,474,"X0.0...524",30925.1963273298
29,474,"X0.0...524",34186.8795589252
